SqFt,Bedrooms,Bathrooms,YearBuilt,LotSize,Garage,Price
2373,2,4,2015,5726,0,399223.98
4793,6,1,2012,17325,3,987823.58
3874,4,3,1977,3517,2,573573.1
3314,5,3,1966,8410,2,670773.33
1455,5,2,1955,14247,3,576333.22
1455,2,4,1968,6934,3,430492.58
1044,1,4,2005,16898,3,553701.47
4438,4,4,1977,15318,0,856632.49
3325,5,2,2015,16202,0,715757.02
3774,2,4,1987,4144,2,526202.43
886,5,3,1986,4530,2,302569.22
4874,4,1,2017,7157,1,749285.37
4296,4,3,1998,11325,0,750422.45
1692,3,3,1992,15464,2,587873.09
1564,6,1,1985,17058,3,666584.34
1570,6,3,2007,14678,3,604797.04
2078,2,2,1962,18715,0,664094.44
3004,4,1,2001,15297,3,723798.63
2614,3,3,2007,7513,1,508452.74
2023,3,5,1981,6771,2,467756.16
3370,5,3,2009,14531,2,741178.51
1386,5,2,2007,5472,2,368590.6
2027,3,4,2005,3669,0,391966.08
2339,5,3,1977,11580,3,653112.3
2715,4,4,1950,16790,1,757685.89
4098,1,5,1991,3825,0,582373.87
1639,4,3,1997,16254,2,613338.48
2960,3,1,1989,16608,1,706397.8
3288,3,4,2012,10681,2,659217.9
995,4,5,2021,3032,2,310927.54
3352,5,1,1953,5143,0,540293.95
1516,5,1,1987,14734,2,536265.66
1073,6,1,1976,14812,1,524401.56
4785,3,1,1958,18170,2,949673.06
4856,2,3,1965,12488,3,865729.9
4195,6,3,2005,4234,2,629415.38
2079,5,3,1980,4185,0,368375.62
1210,4,5,1963,14980,1,558440.96
3674,5,5,1974,5308,0,619162.07
2649,4,5,1983,7911,3,553837.36
1313,6,2,2016,10770,2,461030.56
2880,3,5,1973,2446,0,474235.33
944,5,3,2022,6479,0,331080.43
4619,4,3,1975,9342,0,769667.27
1887,3,2,1969,7033,0,414243.02
3583,2,2,2013,4455,3,511270.47
2109,4,5,1959,15104,3,671745.1
2984,6,4,2016,16637,2,790639.33
3096,2,2,1973,6635,2,503484.34
1576,2,1,1954,15940,1,591933.29
4872,1,3,2016,8940,3,750022.0
4056,5,1,2007,11120,0,710245.07
4746,4,3,1976,17408,0,952518.08
4558,2,3,1964,15499,1,887757.79
3311,1,2,1984,16492,0,708853.3
4672,6,2,2002,4463,1,680619.74
1172,3,1,1993,3255,2,298135.33
1623,4,3,1975,18081,3,704318.01
990,2,1,1996,8981,1,340704.51
2166,5,4,1983,7182,0,472111.14
2432,1,1,1999,15045,1,579723.07
1940,2,5,1961,17055,2,682736.52
4281,5,1,1953,17525,0,877961.71
2298,2,5,1997,7688,2,488429.7
1980,4,5,2004,17340,2,686140.65
3079,4,5,1950,2737,1,498714.28
1392,4,4,2015,2894,2,338995.0
4169,6,1,1979,13223,0,817268.99
1113,6,1,1952,3136,2,365720.48
4945,1,4,1970,7843,2,764481.03
4043,4,3,1998,14110,1,777817.17
1635,5,2,2011,8071,2,452484.05
823,2,1,1987,5233,3,288735.64
4225,3,2,1964,7064,1,687069.6
3769,5,4,2001,10236,1,700070.36
3862,6,3,1995,10557,0,713395.16
4039,6,3,1974,16094,0,847520.89
1111,5,3,1970,15503,0,584748.56
2306,6,4,1954,10223,0,611967.59
1287,4,5,2019,17222,3,592680.88
4425,1,5,1996,4056,1,612672.59
3418,2,2,2017,6596,2,540238.67
2190,1,5,1967,16904,0,630597.07
1067,2,5,1970,8804,0,389996.04
2106,2,3,1972,19661,0,693151.84
2166,1,3,2013,10393,2,529053.24
3864,5,2,2016,16255,0,796917.67
3478,2,1,1989,9242,2,571416.69
4526,1,2,1959,9649,1,699633.54
2783,2,2,2001,8892,1,507315.25
1302,3,4,2021,14943,1,514558.26
3796,5,4,2010,11855,3,741239.17
3995,4,2,2013,18988,2,896732.28
3157,2,2,1954,6516,0,508236.28
4038,3,2,2002,3810,0,555909.16
2874,4,5,2004,9079,0,628472.13
2995,4,4,1986,13101,0,691135.73
2596,2,2,2005,17494,3,701469.99
907,1,3,2008,8232,0,344953.24
1253,2,3,2018,13768,3,512090.62
932,3,5,2022,8304,2,382074.27
3473,4,5,2008,13110,1,728776.89
2120,2,1,1951,17927,0,646106.6
2936,1,1,2014,6164,1,452962.36
4612,2,1,2009,9276,2,701676.4
1847,5,5,2000,19879,2,739018.94
2524,1,5,1979,17634,0,699056.31
3973,3,5,1960,12164,2,758209.26
1761,4,3,1988,11299,1,550222.01
1123,2,5,2021,7123,0,343983.65
2017,1,3,2012,11310,3,497135.34
1477,5,1,2013,17267,0,587481.8
4705,1,1,2010,14333,1,815243.22
4194,6,1,2003,7221,0,644492.68
3460,5,2,2022,5626,0,551955.37
4460,3,2,2007,6774,1,638771.41
4175,4,4,2005,5056,0,680795.66
1584,3,4,1983,3722,0,340553.8
4549,2,4,1980,9544,1,721708.89
3065,1,2,2001,4039,2,521300.93
4191,6,2,1950,5094,1,664793.01
4564,5,4,2004,11852,0,813713.63
2136,5,4,1971,4963,3,475081.23
1262,1,5,1989,3150,3,278259.46
1757,6,4,1950,7713,1,509439.79
2594,1,5,2014,5966,3,427985.34
4236,2,3,2012,11275,0,736294.04
4415,3,2,2003,3843,0,570802.9
829,5,4,1991,15532,1,524250.95
2945,2,2,1970,18312,0,752288.33
2553,3,2,1971,15382,2,665860.06
1733,2,2,1987,11591,0,469832.06
1303,6,3,1957,17492,1,620942.32
2218,5,1,2011,14509,2,660881.95
4760,1,4,1996,2190,2,614950.13
2157,1,1,1966,9094,3,453461.99
2979,3,1,1966,17317,0,731298.39
3753,4,1,1962,8225,1,625207.79
2327,6,2,1966,2634,3,482350.18
4881,3,5,1987,15431,3,937765.9
4842,4,2,1994,16437,0,887950.71
1857,2,2,1955,4891,0,381514.11
2888,6,1,1984,11672,1,644225.44
2064,2,2,1963,5455,3,393708.28
1996,5,1,2021,14946,1,600178.33
955,6,5,2010,6888,3,410807.52
3360,4,4,1964,7692,3,666109.14
2911,5,1,2003,17209,3,755604.77
1016,1,5,1976,10574,0,403738.33
1970,4,4,1962,14056,3,635845.78
4615,3,3,1980,9243,3,798731.63
1806,1,1,1984,7364,3,390196.99
1409,1,1,2009,13259,2,463417.05
2856,3,3,1955,4787,0,502653.8
4940,6,3,2018,8714,2,813748.66
1817,1,1,2007,5763,0,322958.46
3623,4,3,1998,14524,1,765695.2
3999,5,2,1972,18996,2,914422.27
1798,1,4,1983,19919,1,700375.92
3859,4,4,1975,10105,3,726795.24
2345,2,4,1996,6546,1,438628.29
3456,4,2,1954,9971,1,667362.99
3461,5,3,1969,17251,1,829565.5
3050,4,5,1955,5708,1,575124.28
1179,3,3,2019,19138,0,568527.21
4308,5,1,2008,8154,2,704606.19
2147,6,4,2013,19744,0,747209.09
1583,2,3,1967,17095,0,606356.77
971,3,5,1953,16554,0,560071.08
3282,6,1,1966,7722,1,621170.22
3646,4,2,1963,2158,0,528063.76
870,5,2,1962,8878,2,423387.84
2951,2,5,1956,7433,0,537556.94
1751,3,1,1993,2673,3,297544.73
3510,6,4,1964,11097,1,774313.66
1532,6,3,1968,9255,3,523906.68
3702,2,1,2012,13422,2,695746.45
2424,4,2,1984,13181,2,621949.96
4734,2,5,1984,4173,2,664544.15
1378,6,5,1968,19585,2,717192.01
2232,1,3,1969,5365,0,383106.44
1277,3,5,1984,10015,1,467260.87
4684,2,5,1981,10786,2,804602.7
4485,6,1,1997,16635,3,922417.68
1883,4,4,1993,3786,2,377179.29
3572,6,3,1973,9716,1,714990.58
4232,4,1,2010,13313,3,772574.67
3132,2,4,1966,5873,3,539297.35
3025,4,1,2020,13294,3,665594.12
1816,5,1,1999,18626,0,701243.94
1191,5,5,2014,19955,2,667139.01
4568,5,4,1981,2584,0,593136.99
4582,1,3,1985,6241,3,658137.32
3459,2,3,1962,7586,0,601787.76
2224,6,4,2019,9184,0,515508.69
2267,6,5,2007,6361,0,518502.65
3849,1,2,1963,5663,2,582333.47
4568,4,1,1986,19182,3,972752.24
4526,1,5,2017,18533,3,904066.99
4075,4,4,1989,2846,2,584729.35
3497,4,1,2008,8099,0,600425.68
1153,3,3,1965,9293,0,405041.7
1479,6,2,2011,6302,1,396568.84
4574,5,3,1953,13320,1,903166.4
3347,4,4,1994,13527,1,739820.09
839,3,1,1977,17309,2,484245.82
1226,6,4,2015,15336,3,603312.35
3587,5,1,1980,11766,1,722476.52
821,4,5,1952,13765,3,550615.33
1475,4,2,1957,6932,3,404381.37
3105,1,5,1973,12675,3,684464.54
3706,1,5,1964,10806,2,699450.4
3538,6,4,1992,4400,2,584175.1
1742,5,2,1980,6366,2,452944.38
3791,4,1,2022,7250,2,605794.0
1796,6,1,1994,18638,1,697950.71
2167,6,3,2015,6147,0,448749.89
3935,2,1,1957,7206,0,581442.49
3528,1,4,2020,8648,0,577461.98
4367,5,5,2006,13947,1,861759.48
3562,4,5,1979,4128,0,560079.32
3187,6,5,2023,19171,1,788820.75
1193,4,2,1967,17580,1,594622.02
2344,2,1,2018,12390,1,540318.04
1914,5,4,1988,14133,0,620281.97
1825,6,2,2009,2300,3,361863.57
4887,4,3,1992,8101,0,747483.52
2451,1,4,1994,16322,0,669845.16
4547,2,4,1972,3395,2,602545.33
3451,5,4,2018,7082,1,607268.85
4138,2,5,1955,12535,3,805373.64
2911,1,4,2005,6615,2,515536.71
3223,5,1,1953,18812,3,845927.05
2869,2,4,1972,4359,3,475098.69
1620,3,5,1955,16353,1,649416.3
3834,1,4,1981,11143,0,682329.57
1979,1,3,1967,15506,1,555683.42
902,1,3,1964,7593,1,328753.76
3511,3,5,1989,11261,2,713820.16
1544,3,1,2022,17423,1,605562.09
4750,4,1,2023,10404,0,761243.75
4807,6,2,1955,8475,3,788508.64
4642,2,5,2012,11651,1,761820.96
2355,4,4,2016,14913,3,686391.43
865,2,5,1960,9984,1,389618.52
4699,6,2,1992,18900,3,966397.89
2598,3,5,1966,7309,1,557528.06
4860,6,5,1953,10558,2,878647.21
4847,3,2,2012,15625,3,910654.63
4383,6,1,2017,14404,1,819053.17
2037,4,4,1990,17546,1,708555.56
2417,5,2,1954,19943,2,803533.63
4375,4,3,1981,9683,2,743692.69
2131,2,1,2019,4001,2,317913.75
1512,4,3,1984,2547,3,381739.95
3139,1,1,1971,15084,3,686328.06
4732,2,4,2014,17732,2,903075.29
3723,6,4,1971,5973,0,675515.21
3194,2,5,1960,4852,0,546882.18
1208,5,3,1952,3120,1,355363.89
3383,3,1,1958,16809,0,760005.92
4958,6,4,2009,7605,1,830541.21
1388,2,2,1963,9231,3,401233.8
2977,6,4,1967,11050,3,689647.53
4485,6,2,2022,17110,0,908997.43
3911,6,1,1972,13715,3,838285.01
3727,3,4,2023,13071,2,748393.06
3750,4,4,1996,5162,2,606127.96
2310,6,1,2018,11237,0,548731.69
2033,1,4,1996,14877,0,592815.96
4199,5,2,1979,19519,1,950593.52
4202,3,4,1974,5625,3,648763.42
4442,2,3,1977,2172,1,560520.59
4636,3,5,1974,3355,1,647259.79
2948,2,2,2023,8765,2,522595.46
2906,3,3,2007,16770,2,745629.74
4153,2,1,1990,2129,2,539069.77
3530,6,2,1974,10221,2,719063.61
3748,4,5,1997,7926,1,668182.5
4142,2,5,1959,2945,2,605901.75
4538,2,1,1960,10104,3,719750.96
2220,1,1,1970,6585,2,437051.17
2377,2,2,1994,8334,2,473653.75
1195,1,4,1956,14701,2,517330.82
3229,5,1,2013,11388,0,631172.55
951,6,4,2013,4244,3,341886.26
2756,1,3,1951,19305,3,778122.28
3079,4,5,1991,13446,1,690661.52
2003,6,4,2003,15786,1,669114.94
3281,1,5,1965,3426,2,497686.65
928,6,4,1967,2847,0,334180.3
957,6,3,2008,2350,1,255895.03
4255,6,1,1965,5398,1,650407.76
2313,5,3,1955,9459,2,568275.69
1334,4,1,2006,18845,2,586249.95
2993,3,1,1996,10227,1,575896.03
4034,3,5,1997,7225,1,653331.42
1706,1,3,1991,12115,3,499709.77
3416,6,4,2009,4015,0,579071.89
1158,1,3,1953,12971,3,480693.65
1017,5,5,1951,12232,1,518588.92
3032,5,1,2008,16256,3,723639.99
3071,2,5,1976,19760,3,827093.1
3477,5,2,1976,6516,1,596099.92
3850,2,2,2021,11174,2,689067.5
4899,4,4,1956,18360,1,983258.08
2968,1,5,2012,16133,2,688801.39
2156,4,4,1995,10773,1,559456.57
4140,5,4,2012,19017,1,962414.06
1937,4,2,1961,3030,1,369835.78
2644,4,4,1962,18758,0,773391.67
1130,4,2,1992,2909,2,301594.78
906,5,1,1966,11851,0,451375.1
4843,6,5,2012,18028,1,1008700.67
4311,4,4,1985,6729,3,706787.34
3723,2,2,1957,10500,0,663803.92
2518,5,3,2018,7838,2,516915.66
1528,4,4,1985,19139,1,672282.89
1457,6,1,1977,16826,0,614487.06
1851,5,1,1996,14762,3,617185.85
3107,3,3,1979,12577,0,649458.82
3801,6,2,1972,16771,2,883646.02
3573,2,4,1965,9061,0,660165.73
1976,4,2,1963,10056,3,508411.74
4810,3,1,2023,15140,3,856906.59
3899,3,2,2020,8440,2,664708.89
3128,5,1,2001,3150,3,482841.93
3369,3,2,1986,3338,1,505758.42
2562,2,3,1978,4077,3,444434.15
1840,2,5,2016,17654,1,635249.88
2295,1,3,1964,10500,0,514791.16
3983,2,3,1996,14832,1,791356.44
860,6,5,1995,9072,1,409062.28
1288,3,5,2001,6657,0,349619.99
993,2,4,1968,8249,3,415100.56
971,5,4,1970,16295,1,614519.01
4393,1,3,2013,13254,3,778262.86
3755,3,3,1986,18878,0,880891.94
2792,1,1,1976,14235,2,612911.24
1211,3,1,2004,12263,3,444224.02
2865,5,4,1978,12984,3,736798.98
2789,1,4,1969,18963,2,772193.99
1527,4,1,1974,16188,2,619125.66
2622,6,1,2019,2433,0,422243.65
2474,6,2,2012,11615,3,598911.36
3387,3,2,1985,14390,3,738930.42
3467,4,1,1951,15477,0,786310.84
990,1,2,1971,5837,3,298104.14
2373,4,5,1965,17609,1,730792.48
3429,4,4,1967,19205,1,872641.77
2913,1,4,2018,6261,1,470844.61
4397,5,1,2003,17887,3,922377.31
3567,4,3,1979,3746,1,552833.71
1484,4,1,1994,3003,1,291178.63
1096,5,2,1968,4326,0,338274.19
3498,4,3,1983,3039,0,533522.64
911,4,2,1962,17210,2,554765.74
3260,4,5,1992,3063,2,528484.57
4749,6,2,2011,6890,2,739270.3
3217,2,5,1971,3868,2,508278.49
2430,5,5,2001,7318,0,491417.91
3502,4,2,2001,3630,0,504105.91
2725,6,2,1985,14024,0,669466.83
3092,5,5,2022,4400,1,532954.52
4754,3,3,1968,17333,1,941393.73
2422,3,5,1987,16709,2,689308.19
4837,4,4,2019,2246,1,646088.19
4602,6,5,2006,18123,3,976083.84
1622,6,3,1969,2521,0,357146.38
1091,5,4,1958,6314,2,386855.85
1223,5,1,1981,2583,2,310910.32
877,6,1,1953,8045,3,409892.28
1197,5,3,1999,11250,1,467454.63
3669,6,5,1954,16340,2,871650.0
1099,2,2,1969,8084,1,349995.76
2140,6,3,1986,14699,1,691027.39
4348,3,4,1971,5375,3,667327.55
898,5,4,2007,15511,2,548577.8
4221,6,1,2017,6248,1,655782.61
1984,6,4,1993,4584,1,452071.62
1296,5,3,1983,5337,3,402115.93
3726,2,4,1991,5277,3,581092.77
3442,2,3,1958,11232,1,683482.1
4485,5,2,1956,17206,3,1000298.16
3887,1,1,2017,3433,1,504738.47
4175,5,4,1968,14725,2,902737.89
1985,5,3,1980,13778,0,610140.17
1545,2,5,1984,17705,3,613492.56
3953,2,1,2006,6395,0,577165.2
4189,5,2,2010,10102,1,723802.46
4960,5,3,1980,18665,1,991891.2
2533,5,2,2002,13880,1,642945.36
2362,2,2,1981,8998,0,484109.22
4061,5,4,2015,4365,1,599203.4
2231,5,4,2008,6725,3,558301.32
4709,4,3,1959,12462,2,874313.07
4405,1,5,1951,14927,2,860961.62
2602,3,3,2015,4240,3,449766.97
3954,1,5,2009,12793,2,763267.83
3969,4,2,1966,11906,0,785045.87
1233,3,1,1965,11251,1,454037.69
4591,5,3,1965,14422,1,891940.4
2922,4,3,1995,17074,1,775140.73
4271,5,5,1988,7814,0,728735.61
2144,2,2,1980,18002,0,654671.52
4561,6,2,1950,4891,0,720468.07
2435,4,5,1960,5114,3,503523.72
846,2,2,1953,6802,0,264073.07
4603,4,4,2020,4152,2,652089.94
1183,4,1,1975,6146,3,374715.34
2141,2,3,1999,3915,3,402470.98
4790,3,1,1961,16792,3,951710.3
4793,1,3,2014,4501,0,610847.22
3208,5,4,1996,15451,3,813989.54
3454,4,2,2002,2862,0,496821.98
2683,5,5,2020,19073,0,788402.7
2031,6,4,1951,14801,3,707238.41
2180,2,1,1973,2122,1,305852.55
3625,5,5,1953,15749,1,825348.15
3960,2,2,1968,11253,3,701804.98
4125,5,4,1975,16029,1,901479.0
4116,1,5,1989,11405,2,731629.34
1183,1,4,1999,13538,2,512627.15
2877,1,4,1992,16154,0,681303.44
1042,1,2,2016,9292,1,307086.1
3108,1,3,1961,2049,2,430328.71
2654,1,5,2016,17299,3,706271.08
4528,2,2,1976,8856,1,721760.08
2274,4,4,2003,10929,2,552262.93
1292,5,2,2015,2140,2,298333.75
1401,1,3,1998,10858,3,455420.49
3998,2,5,1965,19757,0,891150.98
3397,2,3,1951,7009,3,639211.09
1225,2,1,2009,9118,0,341168.92
1153,4,5,2003,14369,2,518715.7
3744,5,3,1979,16666,0,804148.31
1106,4,4,1987,9513,2,459234.26
4252,3,5,1977,7574,2,711119.68
3766,2,5,1974,18881,1,857153.3
1142,3,2,1959,14189,0,465455.91
1156,6,4,2009,4142,0,327694.49
4944,1,1,1991,3241,0,647831.57
2372,1,3,1989,10704,3,494381.93
2357,4,2,1991,5962,1,446268.96
4214,5,3,1996,6572,1,715166.01
4778,3,1,1986,17798,1,940293.05
4941,5,1,1971,3612,3,689951.7
3964,4,5,2006,14877,0,816521.82
2380,1,1,1976,6881,0,433398.99
1151,5,3,1990,15686,0,552965.23
4064,5,4,1983,15003,1,885158.81
3145,1,4,1981,2133,1,447985.95
2582,3,5,2015,11164,2,619172.32
4607,1,3,1961,4508,3,654455.83
1267,5,3,1989,17592,3,583896.9
2869,3,1,2022,17689,1,680325.21
848,3,3,2022,9530,2,347175.46
2768,1,2,1959,9999,0,538834.18
1036,5,1,1997,7459,1,400397.52
1299,4,2,1969,14899,3,566130.02
1294,5,5,1988,8456,3,462863.35
3527,2,4,2009,6820,3,614844.78
3933,6,5,2015,9780,0,703904.36
3250,4,4,2014,3647,3,516656.48
4841,3,5,2000,15439,0,886643.05
2374,4,3,1985,2227,0,398941.18
2000,3,2,1973,13601,0,579930.42
4448,3,4,1976,5292,1,676572.57
1739,4,1,1951,6183,0,413322.04
4846,3,2,1980,13441,2,848658.8
851,3,1,2006,19873,3,576479.72
4873,2,2,2015,15999,1,852530.65
981,5,2,1978,6065,3,374412.21
4543,5,5,1964,5168,0,702136.96
3016,6,4,1961,17592,1,800048.11
4970,6,4,1977,9995,2,866707.82
1110,2,2,1973,4467,0,237071.24
3126,6,3,1970,17520,3,863002.31
4871,4,3,1959,16690,2,974842.29
2997,1,1,1967,19710,0,753646.78
3443,1,1,1963,18375,2,750381.46
3722,1,5,1983,17332,0,789855.17
2709,2,2,2007,2946,1,396645.2
3436,2,1,1971,3879,0,481901.83
3254,3,1,2019,12242,1,601474.66
4585,1,2,1985,11567,0,717490.31
991,4,5,1994,10243,0,422792.35
1980,6,1,1985,9142,3,498182.91
4792,4,5,1971,9762,2,853836.34
4539,6,4,2010,12247,2,861248.81
2714,1,5,2005,2037,2,386054.1
3405,1,3,1982,6693,0,563193.95
1965,1,3,1994,11329,0,501934.93
1590,2,5,1985,15000,0,563787.85
2748,6,3,1969,5135,1,531658.01
2284,2,4,1967,11844,1,565315.68
3251,2,2,1987,14860,3,703542.28
1126,5,3,2016,10003,0,394478.67
4892,4,3,1972,2487,2,701061.6
4942,4,5,1965,10087,2,840534.79
3732,3,4,2008,7336,3,637012.09
3052,2,2,2018,18734,2,730129.38
2100,6,5,2017,4243,3,456673.41
4218,5,5,1970,13745,0,905200.8
3676,5,4,2019,2949,2,545046.25
1483,4,2,1961,10031,0,488892.39
4626,2,4,1965,11972,1,808465.92
4255,3,2,1963,7363,2,697328.19
4789,2,4,2010,10191,1,792134.8
3848,1,5,2020,4944,2,571626.91
3376,2,5,1995,7474,0,574084.82
2557,1,1,1981,13180,3,585538.53
4717,1,3,1964,7432,0,691845.41
4437,3,4,1993,18195,0,944941.75
990,6,1,1966,13311,0,464035.83
911,4,3,1990,9896,2,376073.24
2381,2,4,2003,2698,3,361986.05
4204,1,2,1993,10992,1,680391.17
4947,2,3,1954,15766,0,918477.08
1432,6,5,1976,6780,2,473504.22
3295,4,1,1992,16522,1,741323.33
2400,6,3,1980,6533,0,511554.77
4874,4,3,1966,16827,1,928086.77
4337,5,5,2003,3535,0,618915.5
4321,4,4,2011,17591,1,909521.53
2769,3,2,1981,10985,1,611511.93
2542,6,5,1989,7338,3,572441.35
1948,1,2,1962,6772,3,452472.04
1037,5,4,1984,9776,0,453013.62
4432,3,3,1954,19983,2,1000175.73
4214,2,2,2022,5966,3,609217.52
4999,6,1,1978,3858,1,737953.14
4986,1,1,2019,12531,3,843790.99
3133,4,5,1974,10794,3,679406.25
4030,1,4,1971,11436,0,709601.99
4768,2,5,2015,14005,3,845943.99
4369,5,5,1994,6809,3,713639.47
1839,5,5,2018,18392,1,664574.57
2692,6,1,2021,9842,3,574841.16
1342,5,1,1950,4324,1,355712.74
4807,6,5,1993,15361,3,951544.99
3346,6,1,1988,13576,3,752494.16
1760,6,4,2003,7683,2,490994.51
3621,4,5,1978,13187,3,772958.54
3396,3,1,2003,5958,1,530511.42
2304,6,2,1965,10007,1,567012.26
1277,6,5,1969,18189,0,652267.9
3621,3,5,1995,4404,0,542955.81
2985,1,4,2016,8961,2,553922.05
4044,6,3,2014,16781,1,860474.08
2985,4,3,2007,19451,1,770164.08
4379,5,4,2002,10171,1,786698.22
3118,5,4,1950,11126,2,714366.56
3156,2,4,2015,12299,1,665809.82
4482,2,3,1978,18782,0,885851.9
2495,5,4,2019,17448,2,721798.7
1363,5,1,1957,5071,0,360312.71
921,4,5,1978,9862,0,411780.74
3972,3,5,2000,10352,2,738116.04
3405,2,2,1982,16204,3,769063.27
3757,3,2,1952,12852,3,766840.85
1694,4,5,2009,13776,0,591157.66
1373,5,1,1984,19968,3,678009.53
861,6,3,2018,3349,1,286672.2
2272,3,3,1969,6014,2,461659.6
3278,5,1,2022,9342,0,597630.68
2447,5,3,1988,8260,1,519159.96
2637,1,4,1953,2390,3,390217.67
4597,3,5,1968,3652,1,672561.71
2263,6,5,1994,14257,3,714383.14
2959,3,1,1992,17828,0,716330.09
4091,5,3,1962,11256,1,809497.87
2465,6,2,1962,11705,2,633626.51
3413,4,2,2009,6592,0,521034.61
4422,1,3,2006,15822,1,838493.23
4788,5,2,2001,15532,1,893858.95
1418,2,1,2002,12591,3,488258.08
4692,2,1,1992,5828,0,615675.4
2867,1,3,2021,3746,0,415856.28
1885,4,2,2021,3156,0,316579.31
2728,5,1,1991,12669,0,631235.7
4916,3,1,1975,16851,3,946958.53
2869,1,4,1972,17450,2,743086.57
2181,4,4,1992,10345,0,541866.98
3460,3,1,1977,16117,3,742796.84
1809,2,3,1958,19044,2,684844.91
1119,2,5,1969,6953,2,394552.45
1341,3,5,2005,9163,3,424535.27
1338,1,1,1988,18767,0,533691.11
1438,2,1,2000,8088,2,394533.43
1383,5,1,1961,18450,0,619134.05
3492,6,3,2004,19659,0,854441.28
1564,3,4,1960,13913,1,564592.59
2252,3,1,1975,16704,0,625490.28
4567,2,1,1991,15492,1,833708.38
2791,1,2,1976,14592,2,637132.09
3604,5,3,1960,7525,3,664819.22
1524,1,1,1987,3028,1,286136.26
1608,4,2,1992,8175,3,394389.52
972,4,5,1968,14005,2,541856.79
1510,6,1,2013,3846,0,351772.25
1970,2,1,1955,2215,2,318858.53
1543,2,2,1995,4514,3,351388.96
1173,2,3,1991,14883,2,487739.52
1307,6,1,2014,19510,0,612173.13
2735,4,5,2021,19695,2,778927.03
1667,1,1,2008,10892,0,436018.5
2330,6,5,2001,17648,1,710061.22
2914,6,4,1996,15263,3,796995.72
3700,1,4,1956,11019,0,672741.54
965,2,5,1960,12310,0,466503.13
4158,5,3,2010,4470,2,643228.3
3437,1,1,2017,18878,1,760300.93
1143,4,1,1974,8335,0,363519.79
4469,3,4,1961,10031,1,796364.21
4668,3,5,1975,14090,1,865267.07
1057,6,1,1961,8010,2,398232.66
1963,3,1,1992,6577,0,415876.12
4186,5,3,2000,13359,2,821197.31
3943,2,2,1986,2450,3,562919.77
1575,4,4,1995,14973,3,593706.53
1679,5,4,2002,11252,0,505457.62
2356,4,2,1962,12904,1,617664.5
2835,4,1,2003,13374,0,622024.17
3397,2,3,2006,11487,0,625466.61
2349,6,3,1953,12486,3,680293.65
2743,3,4,1998,14308,3,718559.43
3939,2,3,1956,15556,1,801631.34
954,5,2,1960,15094,1,512294.98
1860,6,1,2003,17653,0,646016.31
3796,5,2,1994,5410,2,623602.49
4560,6,5,1972,9221,0,811049.73
2949,5,4,1977,19060,1,845995.74
3035,2,3,2006,9139,2,584062.07
1250,6,5,1975,4248,3,375897.28
2679,6,3,1974,11458,1,639707.07
3037,4,1,2003,3971,1,443499.32
1818,4,1,1978,5651,2,426258.36
1931,1,1,1985,19970,1,604639.16
2385,5,3,1963,11745,1,590683.25
884,4,5,1984,7113,1,357954.87
2153,1,1,1979,19906,1,679670.58
1688,4,5,1966,19398,1,692836.31
2175,5,3,2016,9933,1,525410.35
1303,6,5,1979,6687,1,427134.66
4540,3,3,1994,17091,1,896800.98
3293,5,3,2000,14881,3,743022.06
3652,2,4,1996,14365,1,725078.35
4115,4,3,2002,18076,3,931091.34
2893,4,3,2013,14410,3,704583.87
1165,6,2,1987,7108,0,401889.42
3056,2,1,2013,14490,0,641536.06
3265,6,4,1956,7505,3,661260.53
3931,2,4,1971,15666,3,835553.23
2613,3,4,1990,13155,1,648458.51
1336,4,2,2023,3393,0,298373.4
1992,4,3,1959,11231,2,559275.42
2325,3,1,2006,8179,0,478690.44
3513,1,5,1956,7914,3,582746.33
3197,6,3,1999,12841,3,750384.9
2296,3,2,2001,7802,1,461059.44
4943,6,3,1982,15984,1,973585.8
3344,5,3,1950,3274,0,528423.79
1796,4,2,2002,13887,1,529341.13
1227,6,4,2009,16566,2,613852.85
1442,2,4,1983,14111,2,502389.64
1833,6,1,1953,10950,1,537311.21
1475,5,1,1966,19106,2,642848.11
1584,4,4,1953,7399,2,453835.36
1997,3,5,1992,2345,0,373084.59
1528,5,3,1953,9776,2,494536.18
4566,4,5,1950,2594,3,685317.33
1137,6,3,2020,19171,3,657402.32
3003,1,4,1999,5779,0,470720.18
2524,1,1,2022,16201,1,598025.33
4926,2,1,2010,15942,0,885331.55
1271,4,5,1984,5919,1,381350.97
2471,1,1,1957,13182,1,586923.68
4872,3,4,1973,2865,1,672517.23
4435,4,5,1985,10704,1,770640.09
4232,3,3,1999,2264,1,548225.72
1883,3,1,1992,18581,0,637937.93
1518,1,2,1976,19570,1,568317.46
3608,4,1,1981,6001,2,583626.0
4703,6,3,1967,5746,2,731950.41
3138,5,5,1977,15567,1,803389.8
3201,1,3,1978,6561,2,541716.22
1976,1,2,1965,18111,3,671643.71
4032,6,4,1996,12331,0,792519.03
1586,4,1,2008,8314,0,400060.53
2159,4,5,1980,16988,1,689116.44
2587,3,4,1953,10881,1,594248.33
2932,6,3,1986,18409,3,877577.33
1818,6,5,1966,18704,1,748540.6
1282,4,4,1988,4978,2,339958.95
3365,3,5,1997,2042,3,562083.02
2012,1,2,1995,19711,2,652340.37
3241,2,2,1997,18310,0,759752.61
1448,5,1,1988,2998,2,342084.57
2821,1,1,1953,16995,0,651212.1
3037,4,2,1979,10240,2,609950.8
1018,5,5,1979,6661,0,414955.36
2214,2,2,1971,17817,1,657225.97
1365,2,1,2015,5540,2,327227.77
1066,3,2,1961,19051,0,574576.12
4958,5,2,1985,5701,2,737905.84
2154,3,5,1967,13046,3,659019.7
4201,1,4,2002,6016,1,622708.59
1869,6,1,2020,11822,0,517992.84
3662,6,5,1950,14312,3,839294.92
3993,6,2,2007,5424,2,629940.25
3302,5,2,1955,11376,3,735518.35
2781,6,4,2019,10443,2,650233.47
2530,1,1,1993,3279,1,343573.12
2265,3,1,2021,16730,3,642859.06
4704,5,3,1973,8042,1,767911.58
4289,3,1,1968,12342,0,764531.6
4853,5,4,1967,11266,2,857562.2
1322,3,3,1979,11239,2,491934.73
3870,2,3,1991,3930,1,549537.62
4741,3,2,1982,9623,1,767525.25
1561,6,2,2023,10143,0,453276.12
1079,2,1,1961,15206,3,492353.59
3913,3,3,1976,17120,2,901327.67
3213,5,2,1988,11810,2,721973.93
4336,5,4,1958,3562,0,650916.33
1387,5,2,1970,6263,0,416130.29
4140,4,2,1978,4969,1,648143.27
1647,1,3,1982,4243,1,310540.68
1487,5,3,2011,8586,3,440960.58
1490,2,5,1964,6129,0,394446.83
4221,5,4,1951,5929,3,720911.72
3594,4,3,2001,2984,0,512032.28
2997,6,1,1993,2318,2,491473.23
2307,2,4,2003,3850,0,358855.71
4484,4,4,1967,5100,0,680715.35
2448,6,3,1952,9758,2,586702.61
4230,2,4,1956,11189,0,726139.23
2644,3,3,1992,4531,3,455414.46
2383,1,2,1987,9646,1,499504.41
2743,1,5,1986,8151,1,515350.35
2066,4,2,2007,5302,3,400249.05
3940,6,3,1982,2123,2,602503.59
2911,1,3,2008,10406,0,581623.94
1775,6,2,1960,14342,3,642640.97
4578,6,1,2017,6073,1,726317.14
2412,4,1,2017,4373,1,437868.34
3083,4,1,1971,17967,3,777879.03
4607,4,3,2015,6950,1,714370.4
3422,1,4,1993,6025,3,554847.89
1291,4,3,1955,17428,1,630894.07
4747,1,4,1991,16708,3,902051.82
3436,4,2,1974,10070,0,633768.18
2207,5,5,2006,10806,0,597754.47
1385,6,4,2004,5919,0,402739.72
4135,4,1,1965,3409,0,567408.59
3404,2,3,1963,12322,1,674891.49
3041,6,2,1988,3770,2,509559.42
4554,6,1,1977,10087,3,784138.77
4112,4,2,2000,18929,2,887739.51
1437,3,5,1998,19151,1,649684.25
2109,4,3,1958,6308,1,468864.11
1844,6,3,2007,13234,2,584281.93
3925,2,5,1994,10533,2,743535.05
941,6,3,1971,17762,1,563117.6
3194,2,4,1981,6886,1,562191.5
4002,1,2,2018,2067,3,500210.33
4482,5,1,2018,4926,0,614859.98
2237,6,5,1991,8291,0,552791.63
4249,4,4,2002,7683,3,708692.71
1265,1,1,2008,16245,2,524797.45
4355,5,1,2023,14250,1,830873.11
1335,4,5,1988,7392,2,463008.13
2469,3,4,1964,10239,0,556482.08
4149,4,1,2020,3720,0,588696.42
1430,2,1,1978,18167,2,561480.94
1763,2,4,1952,18838,0,656325.79
3833,3,3,1959,19636,1,881770.41
3824,1,1,1978,17634,3,818643.27
3493,5,2,1984,5131,2,593973.44
3715,4,4,1955,2832,1,552076.69
3079,2,1,1961,12433,1,648762.93
1858,1,5,1987,18427,0,629683.63
2252,3,2,1968,5192,1,413202.86
1563,6,1,2016,2127,2,318070.86
4615,2,2,1957,16499,1,852990.93
3250,3,2,1957,3382,3,533297.13
2484,4,3,1996,9447,1,547679.35
2740,5,2,1953,14220,1,695766.97
4779,2,3,2000,6262,3,696862.8
1444,2,4,2016,3511,1,329071.11
3262,4,3,1994,15860,1,786301.73
2925,6,5,1957,13343,0,759351.5
3368,1,1,1965,19793,2,800966.52
876,5,4,2016,8198,0,347744.67
4463,2,4,1958,3112,2,626706.91
4715,5,5,2009,15218,3,938143.7
3174,2,3,2020,11391,3,646932.17
3726,5,1,1964,5838,3,634070.42
4674,3,3,2020,16071,2,860842.29
3770,2,2,1990,5668,2,562183.89
1441,5,3,1971,6692,2,412381.86
3220,1,4,1973,3666,3,510132.45
3348,3,1,1993,9190,2,615887.89
2581,3,3,1950,9541,1,582342.04
3893,1,1,1959,11262,0,677569.54
4724,5,1,2021,14761,3,836477.29
4687,4,2,2005,18310,0,889417.92
2694,1,2,1999,4479,1,411133.06
1276,5,4,1961,2978,2,351086.85
4936,1,5,2009,2334,0,637377.86
4323,1,1,1975,4585,1,582596.8
1324,2,5,1990,13843,1,494201.15
4668,5,4,1985,15095,0,915888.63
4454,4,1,1972,16157,3,887653.5
2979,2,1,1992,6387,0,473105.84
3283,1,5,1955,7506,3,569165.83
2476,6,3,2018,10696,2,601713.35
1030,1,2,1992,3137,3,244822.16
2208,1,3,1974,13001,2,546370.86
4172,5,5,1967,19707,0,979230.22
819,5,2,2011,8495,2,381931.66
2201,2,3,1962,15551,1,630572.99
2472,4,2,1992,11001,2,578977.52
3057,2,1,1977,4301,3,497639.17
4663,3,3,1967,12480,3,850295.45
2255,1,2,2008,7398,3,425874.95
2257,6,2,2009,2619,2,407152.53
3898,1,2,2012,13429,3,733962.22
2699,1,3,2006,17461,3,656000.76
1743,2,4,2000,8206,1,409320.62
2700,6,3,2005,9025,2,609173.75
1392,6,5,1976,18038,1,695605.31
1541,6,3,1981,16645,3,672402.68
2893,2,2,1958,14869,3,711063.35
2559,1,1,2017,6478,3,440110.51
4642,2,3,1995,18384,2,901335.21
2322,5,3,2016,4779,0,432362.64
3238,5,2,1975,13282,3,692619.11
3456,2,1,1957,2518,3,518932.55
855,6,1,1955,13587,3,498896.55
3587,1,5,1973,6989,3,601790.75
1548,2,3,1997,10094,2,466831.2
4836,2,1,1994,8215,0,670152.23
1424,2,1,1962,5110,0,291342.73
2541,3,4,2018,13196,0,610914.64
1158,5,4,1974,17876,3,647265.67
4987,6,1,1969,19264,3,1033523.5
2909,4,5,2015,5462,0,513384.93
3301,6,1,2023,14913,0,753683.47
1082,4,2,1994,13958,3,518560.66
3950,3,3,1996,8181,3,681122.8
1682,2,5,2012,2344,1,324048.99
4572,3,2,2004,14416,1,821995.85
1662,3,5,1968,19019,1,720500.11
1601,1,2,1984,13378,0,436001.46
954,5,3,2002,9835,2,452714.66
2783,4,3,1975,11453,3,663365.67
3172,2,4,1963,5593,1,542065.41
1076,4,2,1994,15510,2,529894.11
4057,6,4,1993,15436,3,880321.67
2704,4,2,2014,4619,2,485336.41
3002,6,4,2000,17804,0,797018.84
2651,5,3,1992,6845,0,507970.97
2483,6,5,1972,19681,0,825472.33
3150,4,4,2005,8892,1,641589.35
1452,4,2,1968,5202,3,342195.78
1564,6,2,2004,8331,0,489670.89
4419,3,3,2009,9923,1,709680.25
4774,5,2,2008,3248,1,633613.33
2368,1,1,1982,12408,1,513550.74
1937,2,5,1968,12757,1,564377.42
3505,4,4,1977,15301,0,753900.41
2517,2,5,2001,2525,1,378004.31
907,1,3,1998,11742,0,369237.03
1456,2,4,1986,2952,0,295899.88
3807,1,4,1975,14621,1,764817.33
3567,6,1,1989,3003,0,558634.08
914,3,3,1987,18411,3,600965.32
1732,4,2,2003,14637,3,600470.26
1771,1,1,1971,11133,2,461479.39
3622,2,1,1965,9947,3,617312.73
883,4,5,1977,4352,0,271054.28
1237,3,5,1984,7238,0,403339.98
4160,6,5,2009,17641,3,956665.12
1550,4,1,1994,18280,1,600757.68
3542,1,2,1995,2013,1,422607.82
1800,3,4,2021,12694,0,498982.85
1218,2,5,2004,14947,1,521707.49
1821,3,2,1975,13137,2,553412.45
3834,3,3,1974,3470,2,589107.45
4394,5,5,2014,5919,3,702266.39
4287,3,4,1955,6506,3,696934.12
2468,3,3,1972,16971,1,717244.38
3606,4,3,2013,10338,0,619845.66
1661,2,4,1992,10763,3,497200.62
2031,4,5,1972,18828,2,724498.97
4565,4,1,1979,13468,3,856067.16
855,1,4,1967,18176,3,566233.31
1159,4,4,1970,10217,2,448830.58
1673,5,4,2006,4690,0,374462.58
911,5,3,1972,18739,3,574380.83
1562,1,2,1994,10257,3,449836.55
3249,6,1,1993,5269,3,574060.24
2570,2,5,1996,7443,1,535331.02
4549,2,5,1989,2914,3,626223.05
4233,4,2,2000,10429,2,757701.22
2236,4,4,1991,17356,0,665290.91
1890,6,1,1956,18804,0,644451.01
2395,4,5,1999,18787,2,751317.33
3279,2,5,1997,4254,1,502673.05
1926,3,4,1955,8877,2,484109.7
3421,5,2,1958,2508,0,537767.0
2520,3,1,2006,17393,2,703477.35
3119,3,2,1980,8458,1,577620.32
2632,2,2,1970,13360,0,603224.89
2037,3,1,1989,14868,1,582293.22
4784,6,1,1994,9737,2,790535.95
4007,1,5,1998,7516,3,663785.59
1388,4,5,1969,19320,2,647456.74
4448,1,1,1966,19361,1,872010.75
2847,5,3,1977,7210,2,557092.97
4557,4,5,1990,10633,3,829704.08
4159,3,3,2015,19511,1,887113.31
2586,5,1,1974,2088,2,453050.11
894,4,5,2007,9428,1,420067.47
1928,6,2,1990,3808,1,387487.35
3075,6,1,1955,11165,0,677452.55
3461,6,4,1987,2444,0,534777.9
1883,6,3,1955,9324,1,546259.87
1385,3,1,1994,5973,2,360516.66
4307,1,1,1963,11600,2,755956.0
4934,4,5,2015,19928,2,1026047.06
3008,3,5,1989,16410,3,796985.35
1521,6,5,1952,17222,1,688862.74
1944,1,4,1973,13435,1,553765.52
877,5,5,1968,2748,3,313135.34
4640,5,1,1967,5722,1,686826.48
1295,5,5,2013,18651,1,648876.37
3221,6,2,1984,8590,3,649452.79
1951,5,5,2011,3865,0,408628.93
3128,2,4,1950,14643,1,729735.61
3536,4,2,1974,7390,3,635033.37
4285,4,1,1994,6839,2,706045.95
1667,6,1,1998,19964,0,667909.52
846,2,3,1965,17447,2,547194.13
1375,3,2,1968,9343,1,420295.71
4580,3,3,1972,19645,0,902172.42
4470,5,2,1974,13702,3,860705.14
3309,1,2,1965,15356,1,691311.64
3322,3,4,2003,2567,3,501225.33
3593,1,3,2022,4189,0,488065.25
1537,4,4,1950,13396,2,581773.74
4641,1,2,1991,18182,1,876098.06
2559,4,1,1968,13227,1,617829.5
2409,2,2,1983,4412,3,437181.02
2979,2,4,2004,4084,0,442937.88
997,6,3,1967,17195,3,578863.57
1498,6,3,1983,4507,0,383128.48
3900,5,4,1994,11364,1,776174.6
1148,3,3,1955,2668,0,290919.85
3333,5,5,1970,3452,1,565374.69
1830,4,1,2019,14102,0,562104.91
2435,5,1,1997,14405,2,667249.81
2013,1,1,1988,8146,0,400062.07
2294,4,3,1980,5881,2,479452.49
3820,6,3,1959,16647,0,872744.18
2048,2,2,1979,5908,0,393213.27
3179,6,2,1967,11756,3,737704.65
2799,3,1,2009,19428,3,751453.54
3587,4,5,2022,4661,1,560463.19
4735,4,2,1964,18936,3,933853.12
3877,1,2,1953,5292,0,547555.7
1703,3,3,2012,12214,3,492746.16
931,2,5,1989,8786,0,365011.77
1902,4,1,1958,19369,2,670951.41
3299,4,2,1958,6924,0,593081.56
1016,1,5,1975,9194,1,404644.47
2885,5,5,1953,19691,2,857680.33
3307,2,1,1965,11656,1,621122.98
2204,6,5,1964,11047,1,624557.28
4038,3,5,2001,6640,1,688452.88
1248,4,5,2018,14625,3,585411.76
1116,4,2,1954,2259,1,251110.56
3858,6,1,1969,2891,2,557800.2
2881,2,5,1967,12788,0,617884.72
3691,5,5,1951,8150,1,678392.26
2626,4,2,1962,19160,2,777353.23
1835,2,1,1953,18257,1,620503.62
4240,6,3,1991,14847,0,840183.83
4158,1,2,2023,16727,2,822069.27
3718,5,1,2010,14012,2,770113.85
1943,3,5,1957,4260,0,373416.46
3279,4,1,2016,15780,2,752626.99
2316,2,1,2012,5783,0,402898.84
1185,1,1,1958,7822,2,358969.16
4653,3,3,1960,16746,2,911286.54
1375,2,1,1991,11657,0,422866.96
4791,2,3,1962,17479,0,879723.92
2673,3,5,1985,5835,2,531354.87
1578,1,3,1962,12940,2,488077.53
3076,6,5,1961,3508,0,531350.57
4466,1,5,1986,13575,3,807956.38
3875,5,3,2023,15726,0,843054.73
4188,4,2,2022,12529,2,752456.72
3567,3,4,2001,6792,2,623377.56
3708,6,1,2020,2564,2,539059.68
4367,3,4,1951,4150,0,624081.58
1849,3,1,2005,13201,2,508681.64
2856,1,1,2009,18820,3,705372.64
1729,4,5,1972,5718,1,429271.12
4948,5,1,1989,15230,3,937464.72
4765,2,1,2013,17596,0,864007.47
966,2,3,1972,11376,2,415408.61
3763,3,4,1978,14047,0,747154.16
4686,4,3,2000,16670,1,887628.96
1558,6,1,2018,6692,0,366630.88
3185,1,5,1980,7344,2,587680.02
4645,4,3,1999,2011,1,604154.21
943,4,3,1969,19336,1,597165.68
3729,1,2,2004,18516,2,790400.42
2049,3,1,1951,15762,2,620794.03
4682,4,5,1974,3423,2,694635.25
4878,2,3,1962,10055,0,769707.89
4766,1,3,2019,3834,3,627887.75
2792,6,5,2016,2287,0,496765.44
4421,5,1,2007,13091,0,780490.5
4347,3,2,2013,19295,3,905819.97
2140,1,3,2018,18252,2,655375.89
4281,5,2,2008,14542,2,867422.16
955,5,4,2009,3740,3,291487.61
3304,6,1,2011,6935,3,565116.32
1766,4,4,1965,7761,0,460812.01
1306,6,4,2017,15737,1,584294.57
1123,4,4,1964,16440,3,608633.44
3724,4,1,2004,8932,0,641530.7
2227,1,1,1984,9522,1,465006.46
3844,1,5,2004,2801,2,551909.6
1074,3,2,1963,7204,2,348918.53
2124,4,2,1998,10123,0,511616.22
3066,5,5,1956,4106,0,522886.09
4121,2,5,1979,10159,3,740437.45
2139,3,4,1998,17357,2,645296.71
3429,1,5,1965,12464,0,663833.07
4521,6,3,2000,3421,2,702214.44
3387,3,2,2021,5450,2,493173.46
1778,3,5,1991,10542,3,519345.91
902,3,3,1966,8507,1,388428.0
4454,3,3,2012,8457,3,763510.37
889,2,3,1994,11527,0,397510.93
4474,6,3,1956,12519,3,879941.64
3022,6,4,1976,16344,3,807317.47
4744,6,3,1959,8137,2,826301.08
4155,4,4,1983,16498,3,898090.89
4991,5,4,1985,8095,0,783530.61
2273,6,3,1974,2998,1,462065.07
4022,3,2,1955,11975,3,755482.82
2488,3,3,1973,12582,3,592485.9
2815,6,3,1967,18822,1,782075.76
3436,6,3,1955,15069,0,794913.01
4469,3,2,1978,18520,0,906903.37
4933,4,1,1974,18350,3,997932.64
4027,1,1,2004,12882,2,723637.84
2555,1,4,1995,11500,3,580053.41
2570,6,4,1973,12034,1,680878.9
3898,2,2,1975,19610,1,864238.42
1803,6,5,1977,15917,1,643817.05
1264,6,1,1952,3913,3,333985.81
2289,1,4,1987,16012,3,671749.29
2006,3,1,2010,5070,0,318629.48
2044,6,2,2000,10052,2,538980.8
1781,3,2,1997,5788,3,455516.61
977,3,5,1970,14412,0,516613.71
875,2,5,2003,17792,3,553167.7
4948,3,2,2005,7227,0,679684.45
2597,1,4,2008,3476,0,424035.99
2414,4,1,2021,7373,2,500151.26
3655,4,3,2000,14103,3,786698.07
1717,5,5,1969,7918,0,482009.08
4790,6,3,2008,7006,1,766044.32
4103,1,4,2020,5320,1,578189.15
1176,3,5,1958,10955,1,452693.32
2554,4,3,1950,6967,2,556352.2
4492,1,4,1978,15158,0,828880.24
4768,4,1,2012,3379,2,646310.39
2763,3,4,2021,13953,3,662938.06
3376,4,5,2005,6276,3,615390.78
1502,6,2,2017,10807,0,479004.94
4963,6,1,1984,7150,1,764932.2
1773,5,3,1952,15010,0,618598.63
4759,5,5,1956,19016,0,1073975.27
3529,4,2,1976,18507,0,842547.37
3352,1,4,1950,12502,2,744504.05
2953,6,2,2020,10327,3,637206.84
1769,1,5,1993,16729,0,585288.34
1541,1,5,1990,14300,0,500155.32
1726,4,2,1991,5304,0,406751.91
1583,1,4,1982,16777,2,567231.29
4074,6,2,1999,9720,2,776015.07
2271,3,5,2012,5402,2,431263.68
1043,5,5,1986,7072,0,406974.17
4870,3,3,2008,6815,1,682012.69
4512,1,3,1997,11346,1,735265.47
4697,3,1,1954,6219,1,691970.82
4979,6,5,1997,4224,3,747395.4
1530,6,3,1952,4226,0,389678.18
2464,1,2,1996,12499,1,549610.18
3985,4,4,2011,15226,1,833112.17
3723,3,2,1963,7788,1,589345.51
1446,4,4,2012,2624,0,291352.14
4226,4,3,2010,4290,1,638043.6
1743,2,1,1980,18465,1,624304.68
1740,1,2,1966,10884,0,480604.84
3055,5,2,1973,10164,3,667991.26
3290,6,2,1972,2685,2,512562.17
3236,6,4,1999,15115,1,789163.48
1184,1,3,2019,11505,2,413532.84
4485,5,2,1976,5637,3,749143.93
1916,6,2,1964,3981,3,450721.86
1344,1,1,1999,8901,1,367883.25
4533,6,1,1985,17069,0,927040.99
4814,4,3,1957,17575,3,989256.58
4421,3,3,1952,12851,2,834454.32
4200,3,5,2011,15096,2,833584.0
3552,6,1,1996,4073,2,576867.17
3114,2,5,2010,12586,2,684554.81
1165,5,4,1981,14005,3,577848.65
2516,5,5,1962,5613,1,546089.31
2365,5,2,1950,17843,1,763046.15
1891,4,5,1983,5510,2,467753.26
3838,5,3,2011,7643,1,668258.66
2883,3,4,2020,13170,2,631295.06
1140,4,2,1980,13490,2,478480.07
1725,1,5,2013,14589,0,529292.76
3670,5,4,1974,4016,3,611727.97
1120,5,4,1987,17290,3,642742.19
4375,1,2,1963,11591,2,694737.73
2880,5,5,1957,10484,3,658973.26
2818,1,4,2003,19660,1,744157.09
3288,4,4,1951,15327,2,767410.3
4264,3,1,2005,4124,0,556886.03
2261,1,4,2010,15618,1,597950.73
3648,2,1,1971,3714,0,486139.88
3176,1,5,1984,2494,0,436548.34
1922,5,5,1965,9265,3,582721.85
4490,4,5,1999,19884,3,1004999.1
4149,6,3,1992,5148,2,684656.01
3565,4,5,1966,14108,3,800519.28
4372,6,4,2007,5121,0,697889.01
4443,1,2,1951,15046,0,833142.84
3775,3,1,1953,11096,1,709410.53
4315,2,3,1988,14239,0,780752.13
3729,4,5,1955,5652,2,637131.61
3657,5,5,2018,15421,2,838747.93
3398,6,2,2018,19921,3,864404.97
3961,5,2,1969,13982,3,796004.69
1466,3,3,2013,10883,3,457546.58
4500,6,1,1965,18617,2,998496.47
4462,4,5,2000,2285,0,602680.21
923,1,3,1986,15139,3,489109.42
4268,5,4,2022,17997,1,897978.02
1341,3,4,2018,3110,3,323096.71
2207,4,3,1991,10101,2,555509.0
3923,4,5,2006,5685,3,618648.78
1475,4,3,2015,12197,0,490826.34
4235,4,5,1958,13692,3,830229.88
4295,6,2,2013,7447,2,698359.34
2931,4,3,1971,10280,2,630501.17
827,5,5,1983,7028,1,413181.6
2006,3,3,2004,8649,2,480395.08
3391,6,3,1978,4872,1,571701.97
4921,4,5,1987,17940,0,972555.39
3454,2,5,1967,2180,2,531449.36
1891,2,1,2020,17883,3,597214.47
3463,3,3,2014,12290,0,693526.36
3068,1,4,1950,7970,3,571229.66
4075,1,3,1953,15015,3,793529.25
1249,6,3,1953,11140,3,516902.58
3996,6,5,1976,10984,0,750485.15
3073,6,3,1992,3983,0,479031.65
4845,1,3,2008,9011,2,731531.7
2236,2,4,1981,6339,3,464023.52
3457,1,5,1982,2283,1,489980.96
4715,5,3,1977,8482,2,783338.19
1231,4,2,2004,3617,0,331475.11
4736,6,1,2009,6623,1,724462.97
3689,2,4,2019,3665,0,486688.73
1085,3,3,2011,3817,1,251432.25
2064,3,2,1983,5582,2,419054.86
3774,4,3,2005,19997,1,875669.47
1083,2,3,1962,2039,2,231003.95
3245,1,5,2005,13496,0,667256.78
2253,1,5,1967,4542,1,416234.13
3408,5,5,2003,18571,3,903124.52
992,5,2,1992,3685,3,289097.7
4460,1,3,1988,19191,0,884013.65
4889,3,1,2010,12997,1,850151.19
4869,6,4,1991,2023,3,703956.93
3949,3,5,1967,18092,2,877257.27
1346,5,5,1972,11391,1,506657.83
3985,4,3,2003,6728,1,616748.47
903,1,3,1979,15811,3,499092.46
893,5,2,2007,18680,2,602514.69
2159,5,2,2017,10706,2,576663.01
2852,6,5,2016,7680,2,568603.76
4036,1,3,2020,16201,1,799473.7
3670,6,1,1967,14272,0,783713.09
2673,1,4,1956,17998,1,718491.42
1949,6,3,1989,14465,1,620881.48
4988,3,3,2019,6384,3,689043.86
2590,4,2,2014,18770,0,731653.45
2696,4,4,2017,3887,2,439946.28
1487,1,5,1998,6823,3,371717.48
4138,2,3,2001,11364,1,728449.76
3713,5,5,1978,12183,0,726180.95
1727,5,3,1970,2276,2,339319.17
1146,1,5,1958,16050,2,573479.47
3658,6,4,1996,8509,1,689929.52
3549,2,2,1991,9316,2,609961.36
1948,3,4,2000,16569,2,641161.96
4794,6,1,2005,8827,0,778294.24
1434,6,2,2000,2850,3,368440.63
2616,1,4,2019,5176,0,399850.23
4763,1,1,1969,19206,3,915947.07
2563,5,3,1976,3267,3,486298.27
3482,1,3,1987,8389,3,615764.38
2470,1,5,2021,11057,2,523254.77
1952,1,2,2014,10879,0,432505.27
4933,5,3,2003,2071,2,661821.25
2519,3,2,1973,11021,1,570810.39
4555,3,3,1996,8908,0,723218.35
1766,1,5,2020,19497,3,629843.02
1695,5,4,2012,4865,2,404137.8
931,3,5,2006,8375,2,365724.41
3537,6,1,2004,9551,0,630887.05
2348,3,3,2009,9032,0,497210.82
4430,3,1,2011,13985,3,805469.69
2787,5,1,1979,5879,3,543366.65
4866,6,2,1971,5979,1,733007.63
1579,5,3,1978,15126,3,616640.07
4448,1,1,1990,11005,2,691052.81
4062,4,4,1991,9473,1,714129.61
4038,3,1,2014,5046,1,581473.83
4348,4,4,1980,5375,1,682779.18
3996,5,2,1979,2190,0,571525.34
3430,5,1,1967,3646,3,569013.51
1351,5,5,1966,12023,1,528168.98
937,4,2,1987,18054,0,562649.83
4668,5,4,1963,7169,0,792510.31
3390,1,2,2005,7899,1,539639.48
4145,5,1,1971,4081,1,642767.64
2822,2,3,2016,8995,2,559175.99
1293,4,3,2005,2670,1,284342.78
1326,2,4,1968,18517,2,612756.77
3679,5,4,2006,14116,1,784125.55
2607,1,3,1993,19833,1,741801.35
1642,3,4,1984,17891,3,658589.42
2865,6,2,1950,10514,1,641746.37
1070,6,5,2001,11354,1,451413.3
3244,5,5,2019,5430,2,589478.84
1930,1,2,1986,10317,2,430161.44
4150,4,5,2014,18255,3,891245.26
2104,2,1,2000,2915,1,320109.71
2712,2,2,1950,17544,1,692291.34
849,2,4,1970,8137,2,366472.4
1104,4,2,2002,18191,0,558828.52
2448,6,3,1965,18936,0,788268.68
2816,1,4,2010,14076,0,592431.32
3320,4,3,2003,13960,2,713963.24
2025,2,4,1989,10150,2,508573.83
3719,5,5,1975,17040,0,862541.44
4413,3,2,2014,19309,0,910812.73
4075,4,1,2023,15951,1,786275.09
966,4,4,2013,13195,2,472176.93
2818,1,4,1992,12922,2,636905.35
1241,1,3,1966,17290,0,499408.62
1817,4,5,2008,11742,0,541690.97
4944,2,3,1972,16469,3,948566.82
1398,3,3,1956,11160,2,460873.61
2895,1,5,1993,3124,3,449712.5
3396,2,1,2002,8911,1,606199.53
3750,5,3,2020,10000,3,718730.6
3151,1,3,1983,4549,0,479974.1
841,2,4,1995,3845,2,280821.62
2171,2,5,2017,11638,2,584972.03
2974,3,2,1965,3533,3,486461.28
1169,3,1,2020,7453,3,338320.41
2273,5,1,1968,15403,1,675588.99
939,2,5,1951,19360,1,601391.83
1130,6,4,1959,14922,0,554876.0
2467,2,4,1999,19867,0,715251.65
1357,3,5,1961,14570,0,559388.88
3184,6,4,2019,7288,3,611141.25
3696,1,1,1971,14097,3,719014.7
4162,1,1,1981,14639,2,750476.53
1641,4,2,1950,8691,0,483092.15
1503,3,5,2003,2319,3,318867.14
1239,4,3,2007,14658,2,516840.2
3473,6,3,2019,2391,0,505010.28
3767,3,2,1967,13361,1,760998.03
933,5,2,1955,4945,1,340632.09
4732,2,4,1994,12181,3,815289.32
1018,5,2,1972,11070,2,460382.89
3073,6,2,1972,2243,1,501243.46
3778,3,3,1975,8532,2,649355.5
4458,6,4,1956,12820,2,850887.4
3799,2,2,1993,17275,1,808715.62
4167,1,2,1976,17996,2,838162.27
2226,1,4,1975,10709,1,532562.04
4222,6,5,1985,15112,3,913879.18
1136,4,4,2004,7696,0,378187.73
4558,3,3,2013,8159,0,690487.56
3100,3,5,2006,5500,3,534817.1
4233,1,1,2018,12115,1,678298.03
2700,5,4,2010,7662,1,540421.81
3503,2,3,1951,3519,1,536052.45
3011,5,5,2004,14330,1,758147.82
3873,5,4,1987,14740,3,864080.74
1143,6,2,1978,8480,0,419290.32
1053,1,4,1975,3381,2,295914.18
1838,1,1,1984,9673,2,431614.18
1470,1,4,2016,9962,0,378928.6
4461,6,5,1978,14036,3,951788.1
1721,4,5,1983,7677,2,482275.94
4899,5,4,1990,14287,0,876406.53
2215,6,5,1990,17687,3,786913.08
1565,3,2,1972,6275,2,373616.05
4117,2,4,2020,19621,1,873066.77
3567,4,2,1952,8955,1,679677.46
2892,3,2,2007,6811,3,549689.47
3133,5,3,1981,9587,1,618981.94
3821,1,4,1980,3699,3,585967.65
1760,5,5,1992,4263,0,419189.85
4985,6,2,1956,9460,0,815161.53
4894,2,3,1950,15724,2,911475.03
3531,6,4,2010,18206,3,908071.91
1638,4,4,1963,13967,2,557931.07
3657,4,1,2001,3894,2,568189.19
1103,2,1,1955,14096,0,483178.59
929,3,2,1959,13438,2,484810.92
1882,3,1,2020,16504,1,585435.74
2743,4,2,1979,16854,2,768793.92
4447,4,5,1970,17628,3,1000086.03
3854,1,2,2009,9454,1,612193.76
3919,3,1,2023,14562,0,750412.02
2587,2,5,2012,6829,3,542264.86
2253,3,1,1991,19988,1,688352.87
2358,1,2,2000,5156,3,414319.4
4948,6,3,2013,2182,1,691531.52
968,4,4,2005,4679,3,283119.13
4442,4,1,1990,15966,3,890538.36
3230,1,2,1981,10042,1,566117.15
2642,2,5,1964,10055,0,578665.19
3846,4,1,2011,19190,0,867303.37
2844,5,1,1976,18553,3,740185.91
4468,4,4,1977,7602,3,761585.04
4583,5,2,2013,5763,0,714322.29
2571,1,3,2008,17273,0,644410.36
1963,1,5,2007,18308,2,662968.34
3288,4,2,1951,11749,0,706467.76
4632,3,5,1985,13330,3,835926.24
1685,5,1,2020,6624,1,410614.66
3416,2,4,1962,16414,0,790910.26
3453,4,4,1964,13378,2,771091.77
3879,2,3,2009,11063,2,693904.79
1353,4,4,1971,3082,2,318889.25
3806,3,1,2012,18487,1,846711.54
4618,3,3,2023,13078,0,799046.24
1555,3,2,1974,5468,0,336258.09
1798,6,4,1997,12915,0,574706.68
4880,3,3,1992,14194,1,877740.46
1560,1,1,1987,11464,1,405063.94
4388,1,5,1990,14926,3,843216.97
2868,6,5,1994,12466,2,698242.58
1838,5,1,1989,19060,2,709754.63
4457,2,1,1966,2967,0,536048.09
2670,4,5,2006,3912,1,490551.82
2962,4,3,1951,5126,1,561086.97
2309,6,5,2011,14423,0,628597.83
3290,1,1,1958,13621,0,624610.22
1487,4,4,2017,18057,3,672539.22
2443,1,2,1966,15192,2,609502.69
4872,5,4,1999,11150,2,915057.73
1884,2,4,1989,19853,2,652358.69
3558,5,1,2007,6790,3,612029.21
2166,6,5,1970,16997,0,722560.95
4049,3,3,1967,9682,0,697339.33
1350,3,4,2004,13677,2,528270.83
4873,3,5,1978,15091,2,933054.42
2706,5,3,1973,13408,3,689389.9
1791,4,4,2023,4529,1,357440.34
1109,2,3,1966,9973,1,427786.21
1513,3,5,1967,12106,2,544977.19
2983,6,2,1991,17283,3,796252.49
2215,6,5,1994,9986,2,603681.15
4281,3,1,1966,18537,1,905758.87
2610,3,3,2022,9927,2,535772.84
1845,2,2,1963,11878,1,521234.35
3392,3,3,1998,16333,1,750303.03
3768,2,3,1978,12495,1,733291.46
1502,6,4,1953,19284,0,696988.12
1504,3,1,1969,13886,0,522355.36
954,5,3,1996,11409,2,449401.5
3893,5,5,1958,2425,1,616556.0
3588,6,5,1976,9447,0,691666.36
2793,2,4,1964,7386,2,543297.78
4346,5,1,1968,15466,2,891982.28
4184,2,1,2001,5749,2,609705.52
3258,5,5,1975,5694,2,608568.64
4447,5,2,1975,5411,2,723972.02
1665,2,4,1975,4261,3,390147.67
1270,4,4,1995,7598,1,418079.56
1933,5,5,1998,17947,2,718887.35
1040,3,5,2002,15949,3,568104.67
3031,6,2,1952,15235,1,794423.68
4734,4,2,2015,16352,0,876062.27
965,2,1,1991,6850,2,325702.81
1313,4,4,1968,17974,3,649394.93
2699,1,4,1966,4471,0,435190.46
4722,1,5,1982,8054,3,740817.47
2128,5,1,1998,12561,1,573897.98
2930,5,4,2005,3852,1,484885.65
975,3,1,2012,15142,0,478087.72
1423,6,1,1952,8970,3,479155.69
4944,4,5,1998,16119,2,956969.27
4853,1,1,2004,10872,2,780436.57
821,5,2,1975,5256,0,308784.58
4798,6,2,2021,15226,0,926328.57
3484,4,3,2001,6539,0,569705.91
4445,5,5,1956,10835,3,821776.0
2710,5,3,1995,3360,2,467382.85
2966,1,2,1995,13122,2,567688.03
2853,1,3,1965,13985,2,673139.59
3601,5,5,1973,8816,0,665627.73
1387,2,5,2010,19180,2,612391.82
926,5,1,2003,17735,1,564615.29
2093,6,4,2011,14743,0,642571.73
3760,5,1,1950,14846,2,801569.76
1648,3,5,1998,6543,3,386412.22
3628,3,2,1974,13823,0,754811.27
4874,3,2,1959,5568,1,718178.92
1194,2,1,1965,4592,1,329393.89
3625,2,5,2007,19990,3,862373.73
2664,5,2,2021,13203,3,621341.42
4446,3,5,1978,9758,0,777170.49
1544,2,2,1955,7187,0,378380.94
3709,1,5,1965,12871,1,742877.66
4320,5,3,1969,2893,3,678260.39
4767,6,5,2020,3704,0,700086.19
3670,4,5,1992,2591,1,555638.56
2888,5,1,1975,10985,3,646114.6
3395,4,3,2020,12811,1,662469.26
4449,3,4,1982,3125,2,651093.57
3197,4,1,1975,14982,3,760738.63
928,3,4,1994,6147,0,325816.19
4710,1,2,2012,14334,0,767862.88
3696,4,4,2016,19674,2,880161.23
3641,5,5,2001,14440,3,841704.25
1706,3,4,2017,17897,1,613217.99
3567,5,1,1975,19068,0,870768.42
2454,2,1,1951,10762,2,553755.36
3535,3,4,1963,14642,2,791604.92
1248,4,1,1979,17335,3,579235.18
3563,3,1,1998,8419,3,617861.85
4998,5,4,1961,6705,0,788591.1
1002,1,3,1993,19039,2,535359.86
4904,3,3,1982,15073,1,900860.68
2509,4,2,1962,5954,2,442716.41
4457,2,1,1975,10084,1,707356.43
4086,6,4,1970,16336,1,910702.2
3181,1,1,1977,11847,0,625494.76
3901,2,5,1997,13699,2,782586.47
4490,3,1,1989,15568,1,812526.75
2497,5,1,2015,13196,3,647319.41
2174,5,3,2022,11721,1,542499.49
3604,4,4,1972,15493,3,832034.34
4193,5,1,1997,15096,3,821101.31
4002,1,3,1951,13338,2,748449.7
4151,5,2,1969,8476,3,711478.94
2629,4,3,2008,9305,1,557316.52
4235,6,3,1995,19468,3,966937.56
1305,3,3,1952,4023,2,347624.93
3087,3,1,2004,6833,0,509474.49
824,5,1,1961,10863,1,393325.8
2163,2,2,1989,17061,1,638064.98
2339,3,5,2015,4946,2,412593.77
2464,6,5,1965,6985,2,553419.11
3721,5,5,1983,3184,2,589505.32
2432,4,2,1993,14708,2,639685.03
2685,6,5,1955,6288,1,543258.47
1798,5,5,2013,8996,0,517114.64
2368,6,3,1971,9987,3,639458.33
1755,3,1,1967,18044,3,688341.76
1107,4,1,1961,9404,0,422774.22
3334,5,3,2001,4614,0,533820.49
3606,1,3,2000,11438,0,637649.16
3402,4,3,2020,19333,2,824992.95
2747,1,1,1997,12938,1,619147.08
2395,6,5,1968,19701,1,806718.6
4426,2,3,1955,17140,1,912783.42
