UserID,Age,Region
1,40,East
2,33,East
3,32,North
4,32,West
5,53,North
6,44,West
7,29,North
8,41,North
9,37,South
10,12,South
11,22,South
12,38,South
13,52,North
14,32,East
15,28,East
16,36,North
17,27,East
18,31,South
19,34,North
20,22,West
21,44,South
22,20,East
23,19,West
24,37,West
25,43,North
26,37,North
27,33,South
28,31,South
29,29,South
30,47,East
31,38,North
32,30,West
33,26,North
34,42,West
35,47,West
36,46,North
37,24,West
38,31,East
39,29,South
40,32,South
41,44,West
42,51,South
43,39,West
44,27,East
45,34,East
46,53,South
47,36,South
48,31,East
49,32,South
50,39,West
51,25,West
52,28,West
53,45,West
54,38,North
55,36,West
56,46,West
57,26,North
58,31,South
59,38,North
60,38,East
61,18,North
62,29,South
63,33,East
64,39,East
65,38,West
66,34,South
67,11,South
68,34,North
69,35,North
70,64,South
71,32,North
72,38,South
73,48,North
74,44,East
75,51,East
76,18,East
77,23,North
78,28,East
79,16,East
80,35,North
81,23,West
82,53,North
83,25,West
84,31,West
85,44,West
86,20,East
87,15,North
88,37,West
89,38,South
90,44,South
91,41,West
92,38,West
93,26,North
94,37,West
95,38,North
96,26,North
97,57,East
98,40,North
99,23,South
100,44,East
101,46,East
102,39,East
103,32,South
104,25,North
105,34,West
106,39,East
107,35,East
108,52,South
109,42,South
110,24,North
111,22,West
112,40,West
113,32,North
114,43,West
115,40,West
116,34,West
117,24,West
118,16,South
119,37,West
120,20,East
121,24,East
122,36,West
123,35,West
124,21,East
125,47,South
126,47,South
127,41,West
128,41,West
129,41,West
130,81,East
131,46,West
132,42,South
133,25,East
134,32,North
135,62,South
136,12,East
137,29,North
138,48,East
139,26,East
140,43,North
141,35,East
142,27,East
143,10,West
144,37,South
145,25,North
146,33,West
147,41,South
148,45,North
149,29,East
150,27,East
151,19,West
152,46,East
153,60,South
154,47,North
155,50,North
156,26,North
157,40,South
158,44,North
159,-3,North
160,22,South
161,54,East
162,17,North
163,52,East
164,17,West
165,23,North
166,40,East
167,35,West
168,30,East
169,54,South
170,20,East
171,33,West
172,42,West
173,38,North
174,27,South
175,27,North
176,45,East
177,45,East
178,38,West
179,25,West
180,28,West
181,34,South
182,36,West
183,41,West
184,32,South
185,44,North
186,44,West
187,50,South
188,35,West
189,38,West
190,33,East
191,25,South
192,60,South
193,48,West
194,44,West
195,34,North
196,24,East
197,46,South
198,33,North
199,39,East
200,28,North
201,37,North
202,28,West
203,29,North
204,37,West
205,17,West
206,18,West
207,26,West
208,32,East
209,45,North
210,33,South
211,34,North
212,31,North
213,38,East
214,25,East
215,33,South
216,39,West
217,37,North
218,35,East
219,35,East
220,40,East
221,60,East
222,25,West
223,61,South
224,25,North
225,9,East
226,28,North
227,39,South
228,57,West
229,24,West
230,40,West
231,19,West
232,56,West
233,49,West
234,29,North
235,14,West
236,51,West
237,33,South
238,49,South
239,35,West
240,35,West
241,29,South
242,42,North
243,36,North
244,41,East
245,16,North
246,50,East
247,53,East
248,36,West
249,59,West
250,56,South
251,42,East
252,51,North
253,47,South
254,13,South
255,31,East
256,43,West
257,54,West
258,18,West
259,14,South
260,34,West
261,10,East
262,33,North
263,39,North
264,23,South
265,34,East
266,46,North
267,28,North
268,25,North
269,33,North
270,22,South
271,58,North
272,35,West
273,26,West
274,37,West
275,33,West
276,32,East
277,28,South
278,28,South
279,16,South
280,51,East
281,41,East
282,38,East
283,33,East
284,23,North
285,25,North
286,17,South
287,27,North
288,22,West
289,55,West
290,45,South
291,35,East
292,24,East
293,22,South
294,32,South
295,46,South
296,57,West
297,18,North
298,41,North
299,27,North
300,29,South
301,35,South
302,25,West
303,32,West
304,24,West
305,28,North
306,44,East
307,36,East
308,44,South
309,27,South
310,41,South
311,15,North
312,35,East
313,42,North
314,15,South
315,27,South
316,35,North
317,47,South
318,28,East
319,41,South
320,52,South
321,41,West
322,32,West
323,39,West
324,27,North
325,36,East
326,33,West
327,39,North
328,30,North
329,39,East
330,29,East
331,45,South
332,31,West
333,10,South
334,22,South
335,35,North
336,55,West
337,44,West
338,8,East
339,17,North
340,48,West
341,42,West
342,62,West
343,29,North
344,24,East
345,35,West
346,29,West
347,47,North
348,28,West
349,31,West
350,23,North
351,44,East
352,23,East
353,39,South
354,57,South
355,13,South
356,52,West
357,38,East
358,21,East
359,36,East
360,43,West
361,25,East
362,40,East
363,54,West
364,28,West
365,23,West
366,33,West
367,35,East
368,48,South
369,33,West
370,29,North
371,22,East
372,15,West
373,19,East
374,19,South
375,31,North
376,16,North
377,2,West
378,34,South
379,57,North
380,48,East
381,31,North
382,21,West
383,65,North
384,35,East
385,37,North
386,33,North
387,34,East
388,28,North
389,31,East
390,53,South
391,49,North
392,10,North
393,18,East
394,25,South
395,46,North
396,50,North
397,43,North
398,21,North
399,28,East
400,40,North
401,32,East
402,30,West
403,30,East
404,48,North
405,42,North
406,31,North
407,38,South
408,19,West
409,28,South
410,47,South
411,16,East
412,42,South
413,10,South
414,55,West
415,28,West
416,39,South
417,36,South
418,36,North
419,38,East
420,14,South
421,37,West
422,32,East
423,28,North
424,25,West
425,37,South
426,23,East
427,47,North
428,40,North
429,38,East
430,46,East
431,12,East
432,19,North
433,41,North
434,26,East
435,27,South
436,18,South
437,23,East
438,47,South
439,40,East
440,37,North
441,28,South
442,36,East
443,48,North
444,26,North
445,34,East
446,56,South
447,43,West
448,28,East
449,42,South
450,16,North
451,34,North
452,42,East
453,39,West
454,42,East
455,45,North
456,40,South
457,40,North
458,37,East
459,22,West
460,47,West
461,34,West
462,43,West
463,46,North
464,28,East
465,29,North
466,31,East
467,50,North
468,24,South
469,52,South
470,37,East
471,38,North
472,45,North
473,35,West
474,47,West
475,28,South
476,51,East
477,29,South
478,52,East
479,29,South
480,31,South
481,22,North
482,25,North
483,34,South
484,37,East
485,46,West
486,32,South
487,21,West
488,39,North
489,36,East
490,40,East
491,27,North
492,28,North
493,27,North
494,49,West
495,52,East
496,28,North
497,28,North
498,42,East
499,53,North
500,56,West
