acidity,sugar,alcohol,pH,sulphates,quality,quality_label
4.87,5.97,12.0,3.71,0.66,8,good
7.75,5.69,13.64,3.04,0.644,8,good
6.66,18.22,13.32,4.02,0.348,8,good
5.99,5.74,9.08,3.66,0.761,6,bad
3.78,6.17,9.04,3.02,0.584,8,good
3.78,15.43,9.88,4.15,0.482,8,good
3.29,9.55,10.53,3.53,0.678,8,good
7.33,15.76,10.86,2.9,0.429,8,good
6.01,2.24,12.76,3.68,0.647,8,good
6.54,10.26,8.4,3.15,0.32,8,good
3.1,1.64,8.24,3.93,0.72,7,good
7.85,2.19,10.74,3.94,0.524,7,good
7.16,18.22,12.88,4.17,0.618,8,good
4.06,3.65,9.35,3.5,0.411,8,good
3.91,11.12,12.49,3.44,0.639,8,good
3.92,8.81,9.82,3.85,0.686,8,good
4.52,7.6,14.2,2.99,0.537,8,good
5.62,18.1,14.27,3.57,0.609,8,good
5.16,1.41,10.08,3.56,0.528,6,bad
4.46,13.61,9.61,2.93,0.747,8,good
6.06,19.3,10.88,3.39,0.549,8,good
3.7,11.64,9.68,3.99,0.721,8,good
4.46,18.8,12.71,4.0,0.701,8,good
4.83,1.99,13.78,2.94,0.505,8,good
5.28,8.96,12.71,2.93,0.415,8,good
6.93,5.94,13.77,3.17,0.503,8,good
4.0,14.89,10.78,4.02,0.713,8,good
5.57,19.64,9.09,2.98,0.414,8,good
5.96,5.87,13.17,3.81,0.562,8,good
3.23,13.43,10.52,2.94,0.703,8,good
6.04,4.76,12.7,3.67,0.477,8,good
3.85,11.74,9.89,3.3,0.621,8,good
3.33,9.81,8.57,3.9,0.423,8,good
7.74,19.47,14.95,3.13,0.355,8,good
7.83,12.56,9.09,3.69,0.697,8,good
7.04,7.64,14.92,3.13,0.349,8,good
4.52,3.17,14.84,3.8,0.436,8,good
3.49,3.87,13.56,4.02,0.728,8,good
6.42,5.28,12.62,2.98,0.473,8,good
5.2,5.77,12.04,4.01,0.787,8,good
3.61,17.16,14.06,3.63,0.79,8,good
5.48,11.66,10.03,2.98,0.434,8,good
3.17,10.94,11.27,3.4,0.32,8,good
7.55,3.18,12.34,3.03,0.653,8,good
4.29,17.34,10.88,3.78,0.525,8,good
6.31,14.73,10.99,3.86,0.35,8,good
4.56,2.29,10.31,2.95,0.654,8,good
5.6,14.45,11.95,3.51,0.316,8,good
5.73,11.33,13.95,3.94,0.735,8,good
3.92,2.55,9.41,4.11,0.369,8,good
7.85,9.71,14.54,3.52,0.364,8,good
6.88,10.21,12.82,4.13,0.388,8,good
7.7,4.15,13.76,3.55,0.78,8,good
7.47,18.97,11.89,3.35,0.647,8,good
5.99,17.15,13.46,3.99,0.701,8,good
7.61,13.71,8.11,3.49,0.499,8,good
3.44,9.78,13.73,3.46,0.468,8,good
3.98,8.82,8.28,3.49,0.417,8,good
3.23,13.37,14.23,3.99,0.54,8,good
4.63,11.36,14.94,3.96,0.576,8,good
4.94,2.18,10.06,3.36,0.616,7,good
4.36,10.74,9.47,3.27,0.429,8,good
7.14,16.32,13.36,3.49,0.774,8,good
4.78,9.73,9.77,3.6,0.385,8,good
4.4,1.99,14.06,3.13,0.783,8,good
5.71,15.94,8.72,3.91,0.307,8,good
3.7,4.83,8.88,3.48,0.541,8,good
7.01,5.91,14.85,3.27,0.467,8,good
3.37,4.13,12.72,2.95,0.525,8,good
7.93,7.27,13.93,3.13,0.585,8,good
6.86,15.38,10.27,4.13,0.518,8,good
3.99,10.87,12.74,3.23,0.507,8,good
3.03,4.89,12.16,3.04,0.666,8,good
7.08,17.68,12.22,3.44,0.643,8,good
6.53,17.71,12.78,3.23,0.717,8,good
6.65,17.54,12.03,2.85,0.425,8,good
6.86,5.54,11.0,3.25,0.605,7,good
3.37,9.57,9.93,3.56,0.593,8,good
4.79,19.71,13.38,3.57,0.485,8,good
3.58,15.67,9.58,3.3,0.543,8,good
7.32,1.52,12.85,3.43,0.457,7,good
6.12,2.24,9.63,4.15,0.371,6,bad
4.65,9.81,12.38,3.33,0.407,8,good
3.32,18.28,13.23,3.16,0.353,8,good
4.55,11.24,9.53,3.14,0.642,8,good
4.63,10.46,8.42,3.44,0.63,8,good
6.65,3.0,8.92,3.86,0.775,7,good
6.19,13.48,12.24,3.09,0.665,8,good
7.44,16.62,13.95,3.79,0.326,8,good
5.36,8.23,8.31,2.83,0.742,8,good
3.6,15.74,13.14,3.39,0.731,8,good
6.57,19.33,10.39,3.89,0.522,8,good
6.8,4.87,11.35,3.27,0.593,8,good
5.81,10.94,14.5,3.59,0.788,8,good
6.85,6.46,10.32,3.09,0.566,7,good
5.47,16.06,11.26,3.84,0.753,8,good
5.61,11.97,8.1,2.87,0.342,8,good
5.14,13.06,8.57,3.99,0.396,8,good
3.13,16.16,9.81,3.08,0.52,8,good
3.54,8.52,8.19,4.02,0.592,8,good
3.16,18.39,12.42,3.29,0.708,8,good
6.18,11.13,10.98,3.81,0.794,8,good
4.57,4.0,11.84,3.25,0.494,8,good
5.54,14.22,9.22,4.07,0.324,8,good
7.54,16.07,10.07,2.98,0.701,8,good
4.25,7.02,12.65,3.05,0.602,8,good
5.05,17.29,14.76,3.49,0.399,8,good
6.78,18.22,8.35,2.91,0.547,8,good
4.14,6.26,14.23,3.07,0.671,8,good
3.38,19.69,12.04,4.12,0.685,8,good
4.45,3.67,11.95,4.17,0.55,8,good
3.81,4.84,11.5,3.33,0.453,8,good
7.65,4.5,8.49,4.09,0.787,6,bad
7.04,17.99,8.63,3.56,0.632,8,good
6.17,13.43,12.21,3.18,0.504,8,good
7.36,3.89,10.39,3.78,0.44,8,good
7.02,9.37,14.42,3.72,0.666,8,good
3.93,12.69,10.85,4.18,0.421,8,good
7.46,2.59,9.0,3.17,0.386,8,good
5.7,17.77,13.0,3.74,0.565,8,good
7.04,16.27,10.05,2.87,0.445,8,good
7.48,10.6,11.68,2.96,0.614,8,good
4.59,19.38,12.88,2.81,0.359,8,good
3.55,8.94,14.3,4.2,0.627,8,good
4.14,19.7,13.55,3.92,0.442,8,good
5.14,13.69,12.73,3.9,0.3,8,good
7.09,13.06,12.76,3.51,0.363,8,good
7.3,4.15,14.62,3.22,0.767,8,good
3.03,17.76,10.07,3.01,0.734,8,good
5.55,9.12,8.01,3.2,0.417,8,good
5.09,4.08,9.9,3.33,0.689,7,good
4.11,1.24,9.53,3.86,0.604,8,good
3.6,11.64,12.63,3.56,0.785,8,good
4.69,11.02,12.44,2.91,0.487,8,good
7.71,14.67,12.15,2.83,0.641,8,good
4.62,17.91,8.11,2.94,0.332,8,good
5.59,2.51,13.1,3.37,0.498,7,good
6.52,14.9,10.26,4.11,0.782,8,good
4.82,4.56,12.66,3.69,0.569,8,good
7.86,17.31,11.9,3.92,0.444,8,good
7.81,16.56,10.4,3.45,0.36,8,good
4.26,11.28,8.94,3.31,0.652,8,good
5.49,14.49,8.66,2.95,0.622,8,good
4.5,6.97,13.82,4.03,0.487,8,good
4.42,9.95,14.43,3.9,0.775,8,good
3.18,16.61,12.55,3.04,0.311,8,good
6.05,9.73,8.72,3.52,0.452,8,good
5.51,7.8,10.81,3.48,0.761,8,good
3.26,10.39,13.1,3.68,0.46,8,good
4.39,16.74,13.46,4.12,0.426,8,good
7.54,7.37,8.83,3.61,0.567,6,bad
4.2,4.3,8.0,3.56,0.712,6,bad
3.72,14.53,12.98,2.87,0.352,8,good
5.45,16.69,10.5,2.89,0.772,8,good
7.93,2.91,9.78,3.06,0.698,6,bad
4.21,5.56,8.09,2.85,0.391,8,good
6.36,3.7,11.78,3.84,0.656,8,good
6.81,7.61,13.96,3.81,0.492,8,good
4.19,9.56,14.7,2.99,0.501,8,good
6.64,15.23,11.96,3.97,0.692,8,good
4.84,13.37,11.6,3.02,0.781,8,good
6.16,12.8,8.6,3.22,0.363,8,good
6.17,7.7,11.84,3.15,0.51,8,good
5.68,16.99,10.66,3.32,0.54,8,good
3.45,9.95,12.25,3.16,0.488,8,good
7.18,19.6,10.72,3.48,0.482,8,good
4.6,13.05,9.68,3.37,0.326,8,good
3.93,3.4,8.66,4.18,0.643,8,good
3.2,13.85,10.2,2.88,0.518,8,good
5.95,7.18,8.68,3.0,0.397,7,good
6.39,14.04,9.24,2.87,0.708,8,good
3.08,2.32,14.91,3.68,0.701,8,good
5.56,4.32,11.11,2.88,0.543,8,good
4.13,17.26,11.72,3.97,0.449,8,good
6.23,5.32,14.12,3.52,0.619,8,good
3.87,16.9,14.97,3.54,0.444,8,good
6.45,6.31,12.08,3.59,0.418,8,good
4.93,13.21,13.69,3.04,0.665,8,good
7.68,14.19,10.29,3.08,0.32,8,good
3.69,10.74,10.14,3.25,0.347,8,good
4.71,6.8,10.82,3.63,0.303,8,good
3.57,5.04,12.71,3.09,0.376,8,good
7.62,1.63,12.78,2.96,0.334,7,good
7.39,6.77,10.21,4.16,0.798,8,good
4.29,13.41,8.93,2.83,0.444,8,good
6.3,18.83,12.43,3.92,0.375,8,good
7.09,17.55,8.9,3.9,0.42,8,good
5.78,15.56,12.05,3.22,0.768,8,good
5.65,15.98,12.85,2.99,0.56,8,good
4.21,13.63,12.9,3.0,0.482,8,good
3.47,5.95,13.27,3.78,0.737,8,good
7.49,18.24,14.11,3.7,0.497,8,good
7.5,13.74,11.5,3.9,0.468,8,good
6.17,11.65,13.11,4.11,0.404,8,good
4.7,3.11,12.33,3.77,0.489,8,good
4.75,9.49,9.31,3.02,0.458,8,good
6.63,9.75,8.18,3.14,0.639,8,good
7.49,17.43,9.99,3.98,0.445,8,good
7.44,11.39,11.1,3.09,0.589,8,good
6.9,8.23,12.32,2.9,0.333,8,good
6.21,19.56,13.95,3.78,0.396,8,good
3.42,3.1,9.37,3.36,0.504,7,good
3.81,9.03,8.88,4.09,0.768,8,good
7.49,1.8,14.74,3.71,0.489,7,good
6.03,15.06,8.76,2.93,0.632,8,good
3.05,18.44,11.35,4.13,0.428,8,good
3.51,6.32,12.1,3.16,0.364,8,good
6.32,17.31,11.79,3.27,0.329,8,good
3.03,6.55,8.6,3.36,0.453,8,good
3.8,18.3,8.4,2.87,0.379,8,good
5.74,15.33,8.74,3.5,0.387,8,good
6.46,16.29,12.1,2.97,0.68,8,good
6.26,1.34,11.81,3.36,0.308,6,bad
4.12,19.29,9.64,3.29,0.579,8,good
6.56,14.81,12.46,3.88,0.49,8,good
4.19,6.79,13.74,3.92,0.553,8,good
4.63,16.76,8.29,3.01,0.581,8,good
6.73,6.35,11.49,3.31,0.457,8,good
6.25,17.58,12.83,3.32,0.448,8,good
7.25,3.14,9.77,3.01,0.667,7,good
6.29,14.37,10.15,3.92,0.736,8,good
5.84,11.27,12.3,3.79,0.396,8,good
3.47,2.83,14.29,3.07,0.349,8,good
4.84,5.6,13.67,3.31,0.749,8,good
4.33,1.24,12.08,2.95,0.475,8,good
4.22,9.91,13.11,3.68,0.576,8,good
7.87,6.72,10.55,2.97,0.48,8,good
4.97,12.37,12.49,4.18,0.363,8,good
7.46,6.65,11.26,3.89,0.595,8,good
6.16,6.7,9.33,3.35,0.563,8,good
6.97,15.12,12.91,3.61,0.401,8,good
5.51,1.91,11.9,4.08,0.526,8,good
5.88,18.16,10.51,3.58,0.698,8,good
5.46,17.19,14.38,3.04,0.595,8,good
3.98,13.69,8.15,3.33,0.348,8,good
6.61,12.27,10.21,3.98,0.574,8,good
4.4,17.95,8.4,3.7,0.651,8,good
3.12,4.52,13.37,3.71,0.696,8,good
6.23,2.5,12.91,4.01,0.615,7,good
3.89,5.55,10.32,4.05,0.376,8,good
7.7,16.1,12.73,4.09,0.655,8,good
7.77,1.66,10.77,2.93,0.639,6,bad
7.57,12.07,13.29,3.56,0.312,8,good
4.85,19.91,11.18,3.84,0.506,8,good
3.08,17.26,10.89,3.86,0.466,8,good
7.64,10.91,14.54,3.65,0.635,8,good
5.14,2.21,9.76,3.03,0.408,8,good
7.83,16.8,8.84,3.92,0.595,8,good
7.82,12.38,12.09,3.81,0.757,8,good
7.27,3.18,14.79,2.92,0.699,8,good
4.47,2.78,10.64,3.45,0.761,8,good
4.93,18.28,8.43,3.04,0.789,8,good
7.26,13.71,10.38,3.27,0.305,8,good
4.58,16.76,11.54,2.83,0.611,8,good
3.85,17.7,9.13,3.36,0.506,8,good
5.78,11.86,12.61,3.57,0.73,8,good
7.68,10.83,14.98,3.67,0.426,8,good
6.48,9.18,11.16,3.73,0.791,8,good
5.85,7.02,10.48,3.97,0.607,8,good
3.49,9.26,10.8,3.1,0.697,8,good
6.08,15.7,8.81,2.97,0.343,8,good
7.95,12.44,14.18,3.99,0.392,8,good
3.7,17.96,10.9,3.02,0.679,8,good
5.59,9.42,10.71,4.16,0.311,8,good
7.39,12.53,12.62,3.98,0.708,8,good
6.7,12.99,11.09,3.5,0.307,8,good
6.49,12.24,12.54,4.17,0.629,8,good
6.51,14.35,8.43,2.94,0.483,8,good
4.8,5.51,13.7,3.22,0.606,8,good
4.47,10.73,14.58,3.69,0.648,8,good
7.05,2.98,12.54,3.29,0.471,7,good
7.05,8.31,14.68,4.1,0.354,8,good
7.34,10.27,9.06,2.89,0.335,8,good
7.57,13.39,11.34,3.57,0.594,8,good
5.56,19.06,12.21,3.63,0.56,8,good
5.51,12.41,12.07,3.71,0.671,8,good
6.99,15.13,10.81,3.16,0.555,8,good
6.25,10.62,10.37,3.31,0.511,8,good
6.51,13.05,8.89,3.98,0.499,8,good
6.98,2.35,10.74,3.07,0.313,7,good
7.45,5.83,9.14,3.96,0.468,4,bad
4.69,7.88,13.14,3.59,0.788,8,good
4.88,9.98,9.46,3.87,0.737,8,good
3.47,1.87,8.41,3.8,0.465,7,good
5.89,3.66,11.87,3.09,0.594,8,good
3.18,6.26,12.17,3.6,0.724,8,good
5.33,19.46,14.1,4.01,0.521,8,good
5.71,7.3,12.04,3.4,0.309,8,good
4.43,10.16,10.42,4.15,0.337,8,good
5.95,4.73,13.62,3.43,0.555,8,good
3.15,12.6,11.78,3.0,0.785,8,good
3.19,6.33,8.55,3.35,0.647,8,good
7.11,4.93,11.96,4.13,0.335,8,good
4.8,10.81,14.36,3.25,0.395,8,good
3.64,1.1,10.77,4.02,0.686,8,good
5.61,1.15,10.07,4.03,0.721,8,good
6.85,5.16,9.0,3.29,0.609,8,good
4.08,1.7,9.06,2.92,0.622,8,good
6.11,3.05,11.03,3.81,0.314,8,good
3.43,7.44,12.17,3.24,0.714,8,good
3.26,16.25,8.56,3.9,0.694,8,good
5.66,11.87,14.58,3.42,0.43,8,good
5.7,10.74,13.29,3.48,0.654,8,good
6.19,6.58,12.11,3.89,0.407,8,good
6.63,18.7,13.8,3.34,0.32,8,good
7.88,8.54,8.56,3.42,0.401,7,good
5.58,2.65,11.34,3.33,0.389,8,good
4.61,12.72,12.41,3.31,0.469,8,good
6.98,3.16,13.8,3.54,0.509,8,good
4.35,7.56,13.48,3.93,0.554,8,good
5.19,10.64,9.94,3.31,0.538,8,good
3.39,17.61,14.59,3.53,0.435,8,good
3.13,10.38,8.87,3.74,0.315,8,good
7.81,14.34,14.13,3.18,0.603,8,good
7.18,19.86,14.8,3.19,0.498,8,good
6.48,3.5,9.24,4.11,0.449,7,good
5.04,6.22,13.05,3.81,0.733,8,good
3.87,8.5,8.28,3.61,0.673,7,good
3.78,9.01,10.84,3.71,0.729,8,good
4.25,8.81,11.61,2.84,0.547,8,good
5.75,18.24,12.06,3.67,0.365,8,good
6.57,14.57,14.55,3.51,0.648,8,good
6.3,12.55,12.71,3.56,0.403,8,good
4.4,6.88,11.37,3.3,0.521,8,good
7.77,16.65,13.67,2.91,0.333,8,good
6.69,19.15,14.65,3.07,0.713,8,good
5.77,16.6,8.15,4.13,0.363,8,good
6.06,1.03,14.88,3.37,0.752,8,good
5.1,13.09,8.6,3.45,0.732,8,good
4.24,1.97,13.7,2.87,0.532,8,good
4.78,5.89,9.96,2.85,0.672,8,good
6.79,2.13,8.93,3.8,0.61,4,bad
3.07,12.47,11.08,3.55,0.702,8,good
3.58,14.05,12.51,3.51,0.516,8,good
3.23,3.18,10.67,3.14,0.693,8,good
3.2,8.29,8.38,3.84,0.531,8,good
7.28,9.67,12.2,3.04,0.77,8,good
6.52,8.01,14.32,3.07,0.543,8,good
5.37,3.3,10.68,3.44,0.531,8,good
3.49,8.96,9.51,3.2,0.693,8,good
5.46,15.27,11.1,3.15,0.711,8,good
5.37,2.35,8.34,3.7,0.577,6,bad
3.87,2.52,13.74,3.71,0.39,8,good
5.17,7.74,13.78,3.95,0.534,8,good
4.99,18.89,12.12,3.38,0.784,8,good
6.08,13.7,10.47,2.9,0.676,8,good
6.18,13.89,13.6,3.18,0.706,8,good
3.23,7.88,11.88,4.17,0.316,8,good
4.87,12.28,13.78,3.63,0.534,8,good
6.13,1.19,12.42,3.79,0.623,8,good
5.52,13.09,13.49,2.81,0.715,8,good
7.28,18.35,12.19,3.53,0.325,8,good
6.29,12.64,10.9,2.85,0.726,8,good
3.81,17.6,14.71,3.6,0.574,8,good
3.35,14.76,11.79,4.09,0.399,8,good
6.21,3.29,12.24,4.16,0.459,8,good
3.13,18.15,9.54,3.56,0.441,8,good
5.93,2.26,12.38,3.44,0.565,8,good
7.7,11.15,12.0,4.12,0.326,8,good
5.88,3.7,9.29,3.74,0.379,7,good
4.94,1.22,8.42,2.89,0.706,6,bad
6.22,9.02,12.23,3.45,0.366,8,good
5.29,6.61,13.35,3.14,0.417,8,good
5.73,10.23,11.66,3.46,0.527,8,good
7.71,11.97,9.59,3.44,0.559,7,good
4.93,1.83,12.67,3.62,0.682,8,good
7.81,3.34,8.56,3.3,0.524,7,good
7.53,11.61,11.09,3.03,0.695,8,good
3.98,7.52,9.14,3.51,0.609,8,good
3.35,14.85,9.29,3.96,0.357,8,good
3.5,13.39,9.42,3.73,0.378,8,good
3.09,17.07,10.71,3.27,0.519,8,good
3.47,14.16,8.36,4.11,0.498,8,good
6.42,9.17,10.78,4.08,0.672,8,good
3.36,13.79,11.58,3.09,0.59,8,good
4.59,6.23,11.38,2.86,0.494,8,good
7.22,6.82,10.68,3.84,0.385,8,good
3.12,15.99,13.87,3.96,0.413,8,good
7.07,9.48,9.02,4.16,0.588,7,good
4.41,16.17,11.54,4.05,0.512,8,good
3.59,16.63,8.43,3.64,0.557,8,good
6.48,17.29,8.5,3.54,0.385,8,good
6.14,18.42,12.02,2.84,0.631,8,good
7.39,9.19,11.96,3.15,0.726,6,bad
6.68,7.06,14.15,3.44,0.429,8,good
7.02,12.06,11.91,3.68,0.546,8,good
4.41,8.05,14.72,3.58,0.788,8,good
3.89,12.42,8.34,3.84,0.467,8,good
6.75,14.41,8.69,3.19,0.598,8,good
7.03,14.08,8.31,3.59,0.345,7,good
7.95,8.12,9.3,2.92,0.603,7,good
5.06,4.17,11.79,3.38,0.345,8,good
4.86,9.18,12.52,3.85,0.78,8,good
6.88,3.71,8.32,3.77,0.658,8,good
4.7,17.91,14.62,4.19,0.694,8,good
7.65,7.57,13.9,3.19,0.652,8,good
7.29,3.93,10.08,3.5,0.595,8,good
5.14,1.48,8.54,3.26,0.525,7,good
6.75,13.27,9.19,3.42,0.729,8,good
6.77,13.1,8.89,4.0,0.778,8,good
3.52,7.47,8.86,3.76,0.55,8,good
7.51,2.36,11.63,4.04,0.766,7,good
5.53,8.78,9.72,3.08,0.592,8,good
7.13,6.91,10.51,4.02,0.569,8,good
4.6,13.87,14.93,2.88,0.527,8,good
7.48,12.51,12.79,4.04,0.405,8,good
4.95,7.93,14.64,3.26,0.302,8,good
3.05,5.14,9.0,3.24,0.421,8,good
7.53,19.77,10.67,3.52,0.555,8,good
3.46,9.63,11.88,4.12,0.49,8,good
4.6,14.08,8.54,2.87,0.524,8,good
7.75,3.67,8.03,3.29,0.79,8,good
7.75,10.23,12.69,4.0,0.475,8,good
5.87,1.52,12.49,3.35,0.526,7,good
6.16,10.6,10.88,3.08,0.367,8,good
5.24,19.32,11.43,3.39,0.324,8,good
4.47,8.3,10.91,3.34,0.688,8,good
4.64,1.74,8.17,4.08,0.585,7,good
6.36,1.59,10.35,3.87,0.68,6,bad
6.76,8.37,9.24,3.51,0.375,8,good
6.96,4.04,8.69,4.18,0.586,5,bad
6.95,1.44,14.7,3.45,0.427,7,good
3.46,15.37,12.2,2.88,0.414,8,good
5.47,9.71,13.1,3.17,0.306,8,good
3.29,6.5,10.21,3.41,0.365,8,good
5.75,18.1,10.75,3.02,0.455,8,good
5.21,3.21,9.66,4.13,0.358,7,good
7.44,19.16,8.68,3.87,0.793,8,good
4.75,6.97,9.25,3.18,0.454,8,good
3.59,17.88,13.58,3.63,0.365,8,good
3.71,12.46,12.74,3.81,0.4,8,good
6.81,16.71,11.83,4.12,0.594,8,good
6.09,19.7,11.33,4.03,0.332,8,good
3.51,6.48,14.46,3.52,0.731,8,good
3.42,19.26,8.51,3.88,0.781,8,good
6.5,8.4,9.96,3.59,0.423,8,good
3.36,8.32,10.45,3.57,0.525,8,good
7.11,7.47,13.48,2.96,0.311,8,good
6.53,11.29,14.95,2.98,0.62,8,good
3.41,3.93,9.68,3.54,0.507,8,good
3.42,11.52,14.12,3.18,0.435,8,good
7.93,11.29,13.81,2.83,0.403,8,good
4.87,15.48,9.57,3.81,0.627,8,good
4.85,16.84,10.8,2.85,0.508,8,good
7.06,9.37,10.87,3.63,0.39,7,good
7.74,6.74,14.85,3.55,0.645,8,good
7.93,5.93,9.27,4.16,0.583,7,good
6.77,4.7,13.59,3.48,0.729,8,good
4.88,2.1,10.34,2.89,0.359,8,good
3.42,7.51,13.12,3.57,0.693,8,good
6.89,6.13,10.94,3.98,0.637,7,good
5.79,19.36,12.05,4.2,0.358,8,good
5.12,11.6,13.83,3.4,0.647,8,good
7.53,7.6,13.63,3.25,0.521,8,good
3.56,12.03,14.06,4.07,0.772,8,good
5.46,3.64,8.42,3.07,0.371,8,good
3.06,9.44,12.84,3.66,0.621,8,good
5.34,12.9,8.98,3.37,0.491,8,good
3.28,10.29,10.91,2.86,0.778,8,good
3.59,8.63,11.84,3.29,0.465,8,good
3.59,19.88,10.82,3.17,0.781,8,good
6.25,17.73,11.64,3.76,0.751,8,good
6.73,12.84,14.98,4.13,0.435,8,good
5.92,11.82,8.95,3.18,0.702,8,good
7.81,12.79,12.73,3.94,0.798,8,good
4.87,4.82,10.77,2.88,0.426,8,good
4.43,8.51,8.93,3.55,0.518,8,good
7.34,1.75,9.11,2.9,0.56,6,bad
4.12,10.04,14.64,4.11,0.447,8,good
7.82,11.32,14.16,3.87,0.308,8,good
3.06,5.33,14.35,3.72,0.41,8,good
7.85,19.32,14.94,3.95,0.441,8,good
3.22,18.28,9.46,3.71,0.522,8,good
7.46,14.72,10.49,4.16,0.386,8,good
5.64,11.13,12.68,3.8,0.737,8,good
7.96,17.53,11.39,4.09,0.652,8,good
3.37,3.48,10.93,3.52,0.343,8,good
5.77,16.02,10.5,2.96,0.625,8,good
7.85,3.37,12.16,3.54,0.627,8,good
5.62,16.09,12.03,2.98,0.778,8,good
6.15,6.24,9.13,3.63,0.302,8,good
6.48,17.66,11.3,3.48,0.424,8,good
5.27,18.94,11.87,3.67,0.764,8,good
6.14,3.83,11.99,2.81,0.766,8,good
5.92,9.79,9.47,3.07,0.66,8,good
7.51,19.64,13.2,3.49,0.683,8,good
3.23,10.18,8.18,4.13,0.346,8,good
4.4,17.41,10.48,3.34,0.557,8,good
7.75,12.19,13.46,3.39,0.416,8,good
7.45,8.13,11.95,3.8,0.391,8,good
5.28,6.43,9.83,3.65,0.705,8,good
6.1,4.86,12.86,3.22,0.368,8,good
4.39,15.47,11.97,3.38,0.534,8,good
3.94,8.34,13.57,3.1,0.769,8,good
5.32,10.71,13.15,4.15,0.393,8,good
4.77,10.35,12.27,2.98,0.789,8,good
5.92,11.97,11.42,3.32,0.797,8,good
3.39,17.45,8.93,2.84,0.578,8,good
7.87,19.63,9.83,3.11,0.385,8,good
7.93,8.74,10.93,3.89,0.458,8,good
6.49,16.72,12.2,3.08,0.512,8,good
5.68,15.53,11.6,2.91,0.455,8,good
4.55,11.9,10.02,3.46,0.44,8,good
7.07,19.16,8.05,2.81,0.786,8,good
6.42,4.81,11.47,2.92,0.377,8,good
3.81,3.08,10.0,3.93,0.667,6,bad
7.55,17.23,13.14,3.88,0.3,8,good
7.11,9.34,8.17,4.08,0.598,6,bad
7.75,17.09,12.09,4.0,0.758,8,good
6.63,17.97,14.59,3.76,0.444,8,good
6.07,2.19,9.22,2.87,0.393,6,bad
5.09,17.79,11.3,3.9,0.626,8,good
7.66,9.52,8.64,3.98,0.656,7,good
7.33,10.7,12.38,3.92,0.644,8,good
3.23,12.91,11.85,3.51,0.46,8,good
3.13,18.6,10.85,3.13,0.426,8,good
4.88,1.36,11.65,3.98,0.778,8,good
7.05,10.06,14.28,3.82,0.762,8,good
7.94,14.07,9.37,4.17,0.529,8,good
3.75,14.73,8.16,3.02,0.723,8,good
5.97,14.16,14.03,3.12,0.526,8,good
4.9,3.55,12.04,3.1,0.512,8,good
7.85,6.69,14.23,3.91,0.378,8,good
7.21,7.82,12.18,3.06,0.513,8,good
7.19,16.28,13.67,2.89,0.569,8,good
5.34,6.3,11.01,4.2,0.311,8,good
5.07,5.0,13.25,2.83,0.522,8,good
4.37,19.19,14.39,3.97,0.691,8,good
3.28,1.17,12.0,3.31,0.64,7,good
7.32,19.96,9.27,3.98,0.618,8,good
7.06,13.86,9.88,3.58,0.755,8,good
8.0,16.74,9.39,4.06,0.309,8,good
7.98,6.6,9.73,4.1,0.579,7,good
5.78,1.27,10.14,2.81,0.694,7,good
6.84,15.02,11.89,2.91,0.571,8,good
7.72,16.85,12.12,3.15,0.462,8,good
7.25,15.07,10.99,3.74,0.368,8,good
4.24,3.71,12.31,4.04,0.744,8,good
5.25,15.32,8.57,3.44,0.535,8,good
3.65,15.61,8.61,3.65,0.739,8,good
7.77,13.51,9.2,3.06,0.593,8,good
6.03,15.56,11.63,3.93,0.637,8,good
4.14,17.07,9.5,4.15,0.702,8,good
6.36,12.66,9.98,3.18,0.63,8,good
6.09,2.68,10.8,3.49,0.499,8,good
4.79,10.26,13.68,2.92,0.557,8,good
3.57,2.48,8.1,3.58,0.702,8,good
6.36,8.74,12.55,3.5,0.487,8,good
5.6,8.74,12.68,3.0,0.494,8,good
6.86,2.25,13.59,3.42,0.348,8,good
5.6,7.63,14.53,3.27,0.757,8,good
7.26,3.11,8.14,3.53,0.346,6,bad
5.76,16.36,9.08,3.62,0.624,8,good
5.8,19.01,14.2,2.81,0.507,8,good
7.38,2.37,11.21,3.87,0.503,6,bad
5.02,19.15,11.95,3.8,0.64,8,good
3.67,10.93,12.64,3.31,0.334,8,good
3.14,6.69,12.75,2.87,0.597,8,good
6.78,2.46,14.52,3.86,0.686,8,good
6.1,10.51,14.98,4.14,0.714,8,good
6.52,16.1,13.04,3.14,0.385,8,good
4.06,14.43,10.01,3.25,0.749,8,good
3.68,1.95,14.16,3.06,0.628,8,good
3.07,2.39,8.34,3.61,0.741,6,bad
4.75,8.65,9.62,3.02,0.543,8,good
5.95,6.61,14.28,3.3,0.571,8,good
4.96,5.42,9.79,3.78,0.76,8,good
5.19,6.34,9.54,3.58,0.75,8,good
7.52,16.27,8.97,3.34,0.524,8,good
4.74,18.66,14.01,3.39,0.437,8,good
5.57,8.7,11.5,3.59,0.497,8,good
6.92,18.22,12.72,2.81,0.494,8,good
4.98,7.11,9.67,2.91,0.443,8,good
6.11,10.05,13.31,4.03,0.434,8,good
7.31,5.29,13.32,2.91,0.731,8,good
7.75,13.17,10.19,3.79,0.335,8,good
3.74,19.6,10.87,4.09,0.639,8,good
7.63,12.47,9.47,3.18,0.386,8,good
5.46,7.8,14.84,3.32,0.472,8,good
4.29,13.31,12.52,3.6,0.331,8,good
5.3,3.34,14.54,4.03,0.435,8,good
7.9,17.88,10.12,4.12,0.684,8,good
5.46,10.56,13.47,3.84,0.743,8,good
4.64,9.54,13.36,2.92,0.411,8,good
6.17,12.13,12.84,3.74,0.532,8,good
4.2,12.87,14.76,3.37,0.535,8,good
3.38,2.36,10.75,3.46,0.737,8,good
3.64,13.97,8.92,2.87,0.681,8,good
3.64,5.6,12.7,3.07,0.557,8,good
3.76,14.57,13.11,3.91,0.635,8,good
3.69,16.63,12.03,3.44,0.724,8,good
6.2,16.28,9.45,3.22,0.305,8,good
3.91,11.5,11.53,3.34,0.501,8,good
4.73,10.88,10.19,4.0,0.754,8,good
7.48,3.71,10.99,3.85,0.67,6,bad
5.37,15.73,12.52,3.18,0.571,8,good
6.34,6.16,13.22,2.96,0.565,8,good
3.86,10.44,9.63,3.15,0.474,8,good
3.96,6.4,10.84,4.09,0.56,8,good
3.2,3.54,9.88,3.61,0.628,8,good
3.84,12.96,9.39,3.55,0.509,8,good
4.39,2.03,13.48,3.63,0.657,8,good
3.89,15.22,14.36,3.31,0.731,8,good
3.44,7.03,10.59,3.93,0.377,8,good
3.6,1.0,13.26,3.53,0.526,8,good
5.3,10.71,14.28,2.96,0.504,8,good
4.03,1.89,13.92,2.98,0.644,8,good
4.82,6.25,9.28,3.55,0.425,7,good
5.52,14.43,14.69,4.11,0.62,8,good
6.45,2.19,10.64,3.23,0.739,8,good
3.2,16.95,10.37,4.02,0.509,8,good
7.0,1.07,8.44,3.87,0.756,6,bad
6.14,5.69,11.4,3.15,0.797,8,good
3.41,15.08,8.76,2.85,0.353,8,good
7.37,7.01,9.74,2.94,0.417,7,good
7.6,2.94,10.22,3.82,0.775,7,good
3.31,7.84,13.66,3.08,0.779,8,good
4.38,6.14,14.13,3.32,0.349,8,good
7.03,17.01,10.12,3.5,0.307,8,good
6.74,6.95,14.01,3.82,0.381,8,good
3.92,15.99,14.0,2.96,0.798,8,good
4.05,17.95,13.35,3.37,0.39,8,good
4.85,9.24,9.03,3.48,0.551,8,good
5.42,18.29,12.83,3.56,0.724,8,good
6.09,8.17,14.62,3.95,0.31,8,good
4.84,19.32,12.78,3.04,0.602,8,good
5.31,2.7,10.32,3.93,0.439,7,good
6.74,14.05,11.5,3.77,0.731,8,good
3.18,10.38,12.52,3.58,0.442,8,good
4.26,8.37,11.57,3.78,0.643,8,good
6.57,13.02,8.84,3.38,0.637,8,good
7.48,14.37,10.18,2.99,0.411,8,good
5.56,1.08,13.62,3.73,0.317,8,good
5.66,4.17,14.03,3.53,0.505,8,good
3.54,14.55,8.96,3.7,0.445,8,good
5.24,13.66,14.67,3.27,0.704,8,good
5.66,19.35,10.3,4.07,0.7,8,good
4.21,15.46,12.64,3.62,0.529,8,good
4.35,19.06,13.26,2.92,0.603,8,good
4.89,14.35,13.68,3.43,0.602,8,good
3.1,6.66,14.62,3.86,0.714,8,good
4.61,3.0,10.19,3.91,0.513,7,good
4.06,15.85,14.01,3.49,0.438,8,good
4.64,13.24,8.92,4.05,0.433,8,good
3.6,1.92,12.94,3.17,0.568,8,good
7.45,7.84,13.19,3.37,0.525,8,good
5.97,19.18,12.74,4.06,0.52,8,good
6.4,10.51,9.77,4.05,0.346,8,good
6.95,9.22,14.11,3.76,0.659,8,good
5.49,9.7,9.18,4.0,0.407,8,good
3.43,4.97,8.38,2.92,0.398,7,good
5.69,8.01,13.02,4.01,0.506,8,good
5.93,8.03,11.33,3.25,0.414,8,good
6.73,1.99,13.94,3.05,0.592,8,good
5.16,15.58,10.68,3.14,0.486,8,good
3.64,8.91,9.18,3.39,0.524,8,good
4.42,16.62,13.86,3.15,0.569,8,good
4.82,17.16,11.84,3.25,0.402,8,good
6.23,5.03,9.32,2.99,0.378,7,good
5.85,13.49,13.04,3.21,0.74,8,good
4.78,9.97,11.58,3.6,0.517,8,good
7.93,17.72,12.23,3.42,0.506,8,good
6.03,5.1,11.23,3.29,0.318,8,good
4.19,13.88,13.8,3.85,0.549,8,good
3.51,12.55,13.81,4.05,0.577,8,good
3.76,6.61,12.97,3.86,0.579,8,good
4.23,3.6,8.74,3.26,0.654,8,good
3.8,13.38,13.87,3.84,0.389,8,good
3.93,15.03,12.7,3.01,0.426,8,good
4.43,7.0,12.88,2.98,0.705,8,good
3.87,13.25,10.54,3.28,0.774,8,good
7.48,8.51,14.15,3.93,0.368,8,good
3.4,14.55,13.08,3.14,0.549,8,good
5.62,4.79,8.79,2.89,0.407,8,good
5.05,17.91,10.85,2.98,0.33,8,good
7.91,6.46,14.2,4.0,0.463,8,good
3.56,7.99,8.33,3.69,0.372,8,good
4.99,2.1,14.73,3.15,0.655,8,good
7.85,3.12,12.75,3.58,0.567,6,bad
7.33,10.8,12.42,3.54,0.372,8,good
7.09,6.08,9.89,3.72,0.305,8,good
4.29,16.87,9.74,3.13,0.704,8,good
3.85,1.28,14.59,4.01,0.388,8,good
6.34,8.2,10.09,3.23,0.603,8,good
7.65,7.41,13.43,3.77,0.468,8,good
5.78,1.37,10.75,2.82,0.593,8,good
5.86,3.36,8.97,3.32,0.458,8,good
4.4,8.86,8.08,3.29,0.343,6,bad
6.85,10.36,11.81,3.56,0.411,8,good
3.94,8.68,14.83,2.9,0.394,8,good
4.62,11.09,10.58,3.91,0.514,8,good
5.13,12.31,10.5,3.1,0.629,8,good
5.54,1.19,10.41,3.75,0.432,8,good
4.21,9.82,11.64,3.92,0.306,8,good
3.57,19.31,11.08,3.59,0.559,8,good
6.05,10.86,14.16,3.84,0.603,8,good
4.44,13.87,11.54,3.73,0.781,8,good
5.91,6.93,11.55,3.3,0.595,8,good
3.77,15.71,8.97,3.93,0.536,8,good
5.41,15.69,14.88,3.21,0.587,8,good
5.66,10.9,9.75,3.6,0.764,8,good
3.26,19.54,8.51,3.84,0.714,8,good
4.68,3.39,12.64,3.33,0.461,8,good
3.67,1.32,12.17,3.22,0.419,8,good
3.32,15.63,10.91,3.44,0.431,8,good
7.95,16.34,10.96,3.95,0.552,8,good
4.61,3.28,13.5,4.1,0.672,8,good
7.05,6.05,9.37,3.56,0.552,8,good
4.27,1.33,13.74,3.73,0.334,7,good
6.41,6.57,12.54,4.06,0.662,8,good
6.8,15.69,10.93,2.94,0.703,8,good
5.98,10.84,11.21,3.12,0.445,8,good
5.36,7.61,9.8,3.79,0.632,8,good
5.06,8.06,13.26,3.95,0.513,8,good
4.74,1.03,11.59,4.0,0.745,8,good
7.65,6.7,10.25,3.38,0.723,7,good
7.15,13.28,12.17,2.93,0.563,8,good
7.83,19.51,14.97,3.41,0.646,8,good
3.62,17.09,11.05,3.12,0.742,8,good
6.65,1.45,14.44,3.21,0.548,8,good
7.69,18.07,10.42,3.88,0.457,8,good
3.91,15.88,8.38,2.91,0.677,8,good
3.33,15.83,9.43,3.96,0.41,8,good
6.71,9.7,10.93,3.4,0.494,8,good
5.87,8.56,9.54,3.63,0.733,8,good
7.21,6.76,8.0,2.93,0.662,7,good
3.7,2.25,14.41,3.27,0.502,8,good
6.98,5.34,13.91,2.93,0.407,8,good
4.01,5.69,13.2,4.15,0.478,8,good
3.82,10.2,9.17,3.93,0.442,8,good
3.82,15.2,8.84,3.44,0.388,8,good
7.07,10.0,8.47,3.11,0.672,8,good
6.33,2.1,13.07,4.11,0.426,8,good
5.62,19.2,14.5,3.28,0.527,8,good
4.79,18.91,11.01,3.03,0.493,8,good
7.39,15.92,8.83,3.59,0.791,8,good
4.96,19.84,11.59,4.12,0.496,8,good
7.08,11.35,10.44,2.81,0.34,8,good
5.2,19.29,10.62,3.13,0.345,8,good
4.88,2.44,12.35,4.11,0.595,8,good
5.31,7.95,13.03,3.04,0.6,8,good
4.51,5.28,8.77,2.96,0.509,7,good
6.74,4.72,8.25,3.6,0.516,8,good
5.51,3.68,14.96,4.01,0.327,8,good
4.16,12.83,9.63,3.47,0.558,8,good
7.5,15.85,8.38,4.19,0.552,8,good
4.92,11.99,9.33,3.75,0.375,8,good
5.72,3.79,8.27,2.9,0.352,6,bad
7.53,16.41,10.74,4.19,0.362,8,good
6.12,13.08,13.62,3.37,0.351,8,good
3.58,8.38,10.39,3.2,0.605,8,good
7.7,13.81,11.11,3.58,0.398,8,good
6.14,5.94,12.73,3.23,0.426,8,good
4.67,7.56,11.56,2.92,0.387,8,good
3.7,18.43,14.03,2.8,0.779,8,good
6.97,6.52,14.06,3.43,0.727,8,good
6.1,9.93,8.07,3.97,0.415,8,good
5.67,17.91,13.45,3.6,0.464,8,good
7.47,14.45,11.23,4.2,0.405,8,good
6.94,2.18,14.92,3.2,0.546,8,good
3.76,3.8,11.38,3.19,0.31,8,good
4.56,1.15,14.91,3.02,0.636,8,good
4.24,12.99,13.28,3.03,0.562,8,good
6.72,9.51,9.74,3.2,0.749,8,good
3.17,3.55,11.77,3.91,0.382,8,good
5.85,19.2,14.94,4.07,0.702,8,good
6.81,11.06,14.0,4.17,0.696,8,good
7.38,5.6,8.68,3.13,0.364,6,bad
4.71,10.51,12.94,4.03,0.499,8,good
7.11,13.91,10.42,3.26,0.385,8,good
3.55,2.45,8.05,2.96,0.427,8,good
7.23,6.22,10.82,4.02,0.432,8,good
3.64,16.33,9.64,3.69,0.578,8,good
4.99,9.73,13.73,3.03,0.506,8,good
6.99,11.38,10.36,3.4,0.774,8,good
3.75,9.22,13.79,3.2,0.363,8,good
4.15,1.83,8.0,3.83,0.787,7,good
6.61,4.15,10.15,3.43,0.415,8,good
6.6,9.47,9.69,4.18,0.686,8,good
6.21,4.97,9.63,2.88,0.469,6,bad
6.47,1.95,8.48,3.3,0.372,5,bad
5.71,17.03,9.31,3.47,0.729,8,good
4.26,19.64,11.89,3.5,0.454,8,good
4.73,16.07,10.04,3.24,0.629,8,good
3.91,17.22,10.92,3.82,0.583,8,good
7.54,5.6,10.64,4.02,0.536,8,good
5.92,19.25,14.13,4.11,0.548,8,good
5.0,4.74,14.34,3.93,0.666,8,good
5.31,19.08,11.45,3.99,0.344,8,good
7.74,19.9,10.31,3.57,0.634,8,good
3.77,14.52,8.75,3.96,0.748,8,good
5.93,19.64,14.67,3.22,0.329,8,good
5.53,11.82,8.42,3.36,0.37,8,good
6.06,5.93,10.08,3.24,0.658,8,good
3.09,9.3,10.09,3.45,0.519,8,good
7.36,12.28,10.24,3.2,0.502,8,good
7.66,2.39,9.15,4.15,0.368,8,good
5.83,12.82,13.48,3.24,0.553,8,good
6.48,19.64,8.86,2.94,0.363,8,good
7.61,4.61,12.44,3.54,0.538,7,good
6.54,16.06,8.87,2.88,0.682,8,good
3.76,18.25,8.49,2.95,0.429,8,good
5.88,18.93,14.37,3.11,0.54,8,good
6.03,19.24,9.33,3.45,0.796,8,good
5.12,10.91,13.75,3.41,0.643,8,good
6.68,19.57,11.81,3.92,0.721,8,good
7.67,15.39,8.54,3.84,0.507,8,good
7.63,4.07,14.69,3.4,0.684,8,good
5.25,10.06,9.73,3.27,0.32,8,good
3.57,14.65,14.02,3.24,0.361,8,good
7.92,5.7,9.18,3.88,0.402,7,good
7.19,13.17,13.98,2.87,0.501,8,good
3.62,13.67,8.09,2.82,0.723,8,good
7.6,4.09,11.58,3.91,0.473,7,good
7.35,11.74,13.39,3.47,0.627,8,good
5.59,15.66,14.54,2.98,0.655,8,good
5.96,10.48,14.36,3.13,0.593,8,good
5.0,1.23,13.74,4.11,0.479,8,good
3.27,1.17,14.22,4.0,0.589,8,good
4.68,7.78,9.39,3.79,0.471,8,good
7.01,18.6,9.99,3.48,0.342,8,good
3.02,5.34,10.02,3.53,0.796,8,good
4.67,13.05,10.64,4.17,0.364,8,good
4.99,5.22,10.75,4.15,0.336,8,good
5.69,7.11,11.81,3.1,0.739,8,good
7.6,17.11,9.12,3.94,0.451,8,good
4.73,14.85,12.84,3.08,0.625,8,good
4.73,2.81,9.17,3.1,0.465,8,good
6.69,9.15,10.17,3.75,0.496,8,good
5.26,1.55,11.52,3.37,0.431,8,good
4.12,10.14,13.58,4.1,0.472,8,good
5.26,13.59,13.18,2.92,0.505,8,good
3.7,3.25,12.52,3.52,0.66,8,good
3.88,6.49,9.09,4.09,0.556,7,good
5.49,8.56,11.83,4.07,0.772,8,good
5.09,18.47,8.61,3.02,0.321,8,good
7.57,19.87,10.64,3.31,0.552,8,good
4.81,1.85,10.89,3.67,0.592,8,good
5.9,15.46,8.28,3.02,0.76,8,good
6.16,8.06,9.92,4.16,0.325,7,good
3.07,8.46,14.69,4.08,0.587,8,good
6.32,15.33,14.68,3.03,0.727,8,good
3.89,18.45,10.47,2.97,0.421,8,good
7.81,19.07,8.3,2.92,0.738,8,good
3.74,11.97,9.25,4.07,0.31,8,good
5.07,7.79,10.75,3.07,0.666,8,good
3.43,15.96,14.63,3.38,0.767,8,good
7.98,5.77,8.99,3.43,0.629,6,bad
5.51,11.72,13.34,3.64,0.52,8,good
5.98,7.81,8.76,2.9,0.322,8,good
3.34,13.48,14.87,3.12,0.76,8,good
6.75,5.57,10.67,4.1,0.535,8,good
4.05,4.64,13.43,4.07,0.314,8,good
7.49,18.45,10.4,3.89,0.645,8,good
4.03,2.93,12.39,2.83,0.541,8,good
3.95,10.61,9.34,3.26,0.362,8,good
3.18,5.2,9.02,3.68,0.407,8,good
5.36,1.74,14.57,3.19,0.332,8,good
5.82,1.68,14.42,4.07,0.587,8,good
3.33,4.33,14.21,3.69,0.611,8,good
6.88,17.47,12.38,2.9,0.553,8,good
5.27,6.37,13.66,4.07,0.709,8,good
5.62,19.06,8.48,4.14,0.731,8,good
5.2,12.05,10.34,2.91,0.608,8,good
5.0,9.3,10.2,3.55,0.306,8,good
5.8,12.02,12.45,3.22,0.648,8,good
3.78,10.82,10.49,3.35,0.509,8,good
3.91,15.42,9.04,3.05,0.583,8,good
7.31,6.37,12.18,3.61,0.625,8,good
7.73,7.71,13.7,4.14,0.475,8,good
4.87,17.99,10.67,3.5,0.759,8,good
4.35,18.98,8.93,2.92,0.367,8,good
6.22,17.96,9.38,3.67,0.636,8,good
5.04,8.97,9.66,3.28,0.302,8,good
3.13,15.83,10.1,4.0,0.762,8,good
3.78,10.05,12.5,3.41,0.356,8,good
6.58,10.45,12.21,3.07,0.347,8,good
6.29,4.89,12.87,3.07,0.467,8,good
3.14,12.23,10.54,3.88,0.487,8,good
4.11,4.54,13.77,3.17,0.407,8,good
4.16,7.3,9.43,3.87,0.593,8,good
6.36,17.25,11.28,3.09,0.521,8,good
3.1,4.93,13.61,3.25,0.317,8,good
3.52,2.35,9.26,3.45,0.46,6,bad
7.0,2.31,8.77,4.12,0.705,5,bad
3.89,18.87,14.19,4.1,0.645,8,good
6.26,10.63,10.4,3.09,0.662,8,good
4.19,8.78,12.79,3.3,0.649,8,good
3.5,16.41,8.18,3.01,0.455,8,good
4.22,16.88,12.83,3.51,0.35,8,good
6.61,7.31,10.21,3.44,0.436,6,bad
7.28,14.18,8.39,4.06,0.716,8,good
7.15,15.65,12.27,4.1,0.79,8,good
4.99,13.44,9.69,3.34,0.547,8,good
6.34,3.88,10.71,3.49,0.305,7,good
4.02,17.64,8.56,4.05,0.37,8,good
4.47,11.24,9.03,3.93,0.461,8,good
7.48,6.37,10.09,2.81,0.589,8,good
3.07,9.08,8.63,3.25,0.338,8,good
3.43,1.71,14.38,3.39,0.772,8,good
4.04,3.43,8.04,3.12,0.483,6,bad
3.13,15.55,11.39,3.08,0.756,8,good
3.91,1.0,8.86,2.85,0.69,7,good
5.92,8.91,10.15,3.7,0.678,8,good
5.11,10.93,14.48,3.17,0.603,8,good
7.46,2.04,9.13,2.87,0.613,4,bad
7.09,19.49,14.76,3.12,0.619,8,good
4.71,5.3,9.44,3.92,0.614,8,good
4.3,6.78,13.19,3.99,0.577,8,good
4.9,6.77,11.83,3.48,0.793,8,good
5.95,5.38,14.19,3.38,0.666,8,good
4.34,1.03,11.88,4.17,0.688,8,good
6.12,14.86,11.74,3.08,0.736,8,good
5.05,19.37,9.37,3.1,0.408,8,good
5.76,5.26,9.16,3.21,0.342,8,good
5.18,13.6,14.42,3.04,0.541,8,good
4.47,15.1,10.29,3.33,0.557,8,good
7.74,17.12,10.6,4.08,0.715,8,good
6.82,9.03,13.32,3.66,0.522,8,good
3.7,6.76,10.37,3.38,0.585,8,good
7.34,7.18,14.66,4.11,0.564,8,good
5.44,14.54,13.17,2.87,0.319,8,good
7.47,16.52,12.18,3.09,0.608,8,good
7.0,4.45,14.17,3.59,0.714,8,good
5.13,8.05,8.35,3.66,0.379,8,good
3.11,18.14,9.8,2.86,0.597,8,good
4.34,16.33,11.26,3.36,0.597,8,good
5.71,19.71,9.59,3.71,0.382,8,good
6.17,15.33,13.21,3.78,0.362,8,good
4.29,8.47,14.43,3.69,0.79,8,good
3.7,12.22,10.97,3.25,0.497,8,good
7.17,13.56,10.39,2.93,0.414,8,good
7.92,2.49,14.73,3.4,0.386,8,good
5.63,11.35,11.11,2.98,0.634,8,good
3.86,14.48,11.42,4.13,0.605,8,good
4.36,4.18,10.46,3.47,0.622,8,good
3.09,15.83,14.37,3.24,0.344,8,good
7.57,12.09,11.98,3.87,0.747,8,good
3.59,19.09,13.34,3.5,0.495,8,good
5.88,1.81,13.68,3.23,0.457,8,good
4.37,6.04,10.39,3.94,0.531,8,good
5.77,12.43,11.04,4.01,0.495,8,good
6.26,6.63,13.94,3.74,0.732,8,good
7.15,14.57,10.54,2.87,0.765,8,good
4.03,15.42,13.56,3.59,0.452,8,good
3.05,2.95,14.59,3.87,0.732,8,good
3.68,10.76,12.36,2.99,0.691,8,good
7.5,10.67,13.19,3.12,0.765,8,good
7.37,8.02,13.64,4.04,0.423,8,good
5.99,18.73,13.92,2.83,0.588,8,good
6.0,16.72,10.77,3.85,0.437,8,good
6.33,14.25,8.36,3.46,0.712,8,good
3.88,14.57,10.81,3.43,0.303,8,good
7.57,9.77,12.72,2.81,0.582,8,good
5.09,18.5,11.15,3.95,0.47,8,good
4.92,14.2,13.24,3.3,0.461,8,good
5.59,14.85,10.5,3.56,0.622,8,good
3.23,17.37,12.44,3.75,0.726,8,good
3.83,6.21,9.3,3.78,0.605,7,good
6.69,16.33,13.25,4.14,0.727,8,good
3.41,4.71,11.82,3.54,0.432,8,good
6.02,7.56,9.43,3.36,0.56,8,good
4.23,7.38,10.04,4.14,0.525,8,good
4.95,19.59,13.24,3.7,0.306,8,good
4.44,17.27,11.38,3.22,0.578,8,good
4.78,14.32,9.51,2.98,0.631,8,good
6.6,14.81,14.77,3.98,0.596,8,good
4.49,11.68,13.01,3.31,0.668,8,good
5.83,18.99,14.7,3.72,0.586,8,good
5.38,10.43,10.99,3.46,0.333,8,good
6.32,8.23,11.33,3.08,0.358,8,good
7.68,4.1,14.29,3.64,0.598,8,good
6.66,15.94,11.68,2.88,0.437,8,good
4.07,14.95,12.95,3.38,0.34,8,good
3.16,8.3,9.77,3.57,0.515,8,good
4.31,1.48,11.13,3.41,0.577,8,good
5.98,16.94,8.86,3.85,0.464,8,good
3.26,1.22,9.44,3.96,0.66,6,bad
5.48,14.37,8.01,3.88,0.622,8,good
5.98,19.43,8.27,2.85,0.466,8,good
4.67,9.32,14.84,3.07,0.677,8,good
6.85,5.46,9.7,3.55,0.624,7,good
3.53,14.39,12.64,4.11,0.619,8,good
3.38,16.53,13.87,3.97,0.577,8,good
6.64,11.38,11.85,3.98,0.306,8,good
5.48,19.37,9.07,3.22,0.648,8,good
6.44,1.98,13.1,3.4,0.488,8,good
5.17,10.59,12.2,3.46,0.771,8,good
4.23,14.65,13.12,3.02,0.709,8,good
7.1,17.39,13.39,2.84,0.594,8,good
7.0,4.41,14.83,4.13,0.426,8,good
6.47,16.2,12.01,3.14,0.402,8,good
4.36,11.5,10.39,3.14,0.47,8,good
5.95,8.53,12.54,2.92,0.538,8,good
4.8,3.5,8.48,4.1,0.448,6,bad
3.46,17.44,14.28,3.61,0.557,8,good
7.59,3.99,8.84,3.73,0.383,7,good
3.68,6.89,10.29,4.08,0.789,8,good
7.75,6.51,13.71,3.28,0.354,8,good
5.23,17.56,12.18,3.67,0.766,8,good
3.93,13.78,10.76,2.85,0.757,8,good
5.71,16.14,11.31,3.06,0.563,8,good
7.36,5.76,13.98,3.96,0.662,8,good
6.66,12.87,10.38,3.87,0.518,8,good
7.03,11.86,14.09,3.29,0.615,8,good
6.29,16.82,8.62,3.33,0.47,8,good
6.46,18.22,13.44,3.55,0.451,8,good
7.25,1.23,13.93,2.8,0.589,6,bad
4.25,13.81,9.27,3.14,0.549,8,good
5.45,1.98,11.01,3.09,0.59,8,good
4.11,11.43,9.16,3.15,0.443,8,good
7.94,6.47,12.95,3.93,0.483,8,good
7.72,6.83,11.75,3.19,0.342,8,good
3.2,7.71,12.45,3.07,0.326,8,good
6.53,12.8,9.38,3.51,0.427,8,good
7.63,7.35,9.48,4.01,0.337,8,good
3.9,14.92,8.29,3.14,0.352,8,good
5.84,8.69,10.25,2.91,0.706,8,good
7.58,2.3,11.92,3.3,0.319,6,bad
3.17,15.89,14.01,3.85,0.629,8,good
6.49,6.43,12.67,3.57,0.436,8,good
4.49,9.22,11.05,3.94,0.736,8,good
7.62,14.02,14.67,4.14,0.542,8,good
7.86,7.32,13.03,3.91,0.453,8,good
7.72,2.08,14.51,3.65,0.559,7,good
5.37,8.1,11.69,3.49,0.491,8,good
7.31,18.94,9.81,2.86,0.582,8,good
7.22,13.19,8.37,4.18,0.357,8,good
4.6,13.76,13.08,3.34,0.798,8,good
7.14,13.01,8.85,3.01,0.513,8,good
3.19,4.78,10.12,3.73,0.474,8,good
5.98,8.95,11.73,3.2,0.655,8,good
4.15,15.27,11.95,3.62,0.482,8,good
3.6,2.93,12.2,3.62,0.717,8,good
3.38,6.28,9.16,3.42,0.527,8,good
6.48,6.25,10.66,3.97,0.66,8,good
4.7,9.21,12.32,3.17,0.354,8,good
6.62,19.63,14.79,3.43,0.723,8,good
3.33,2.28,13.09,3.55,0.668,8,good
4.58,10.86,14.46,3.73,0.406,8,good
5.7,4.41,13.34,3.9,0.373,8,good
6.95,19.44,12.14,3.35,0.458,8,good
4.59,3.15,9.34,3.7,0.788,7,good
6.13,8.67,12.67,3.01,0.428,8,good
7.43,15.02,12.36,4.11,0.528,8,good
6.08,14.39,12.22,3.34,0.315,8,good
4.16,9.03,11.43,3.82,0.499,8,good
3.12,7.58,11.7,2.83,0.586,8,good
7.35,8.55,10.34,3.09,0.777,8,good
3.11,6.02,11.64,3.48,0.558,8,good
7.37,4.9,9.38,4.03,0.71,7,good
5.64,10.18,13.64,3.54,0.574,8,good
7.7,6.1,9.3,4.1,0.32,6,bad
6.99,6.46,8.59,3.48,0.458,7,good
7.99,13.48,11.05,3.49,0.588,8,good
4.75,19.4,12.61,2.97,0.775,8,good
6.84,12.47,11.06,3.92,0.73,8,good
5.01,2.46,9.94,3.15,0.414,7,good
5.4,2.44,11.91,4.06,0.41,8,good
6.14,19.08,10.43,4.08,0.401,8,good
7.37,6.65,14.53,4.12,0.761,8,good
7.92,2.75,14.46,3.53,0.726,8,good
6.84,12.38,11.52,3.75,0.687,8,good
5.09,12.85,10.3,3.89,0.496,8,good
5.11,13.32,13.16,2.98,0.552,8,good
6.69,6.08,8.26,3.64,0.532,5,bad
4.19,1.29,11.32,2.85,0.427,8,good
3.55,19.34,10.35,3.5,0.553,8,good
4.77,5.77,14.44,3.02,0.315,8,good
4.44,13.84,8.08,3.06,0.366,8,good
4.48,14.43,11.87,3.31,0.743,8,good
4.17,12.59,13.18,3.41,0.676,8,good
3.21,6.95,11.4,3.67,0.511,8,good
3.09,6.15,8.6,2.9,0.559,8,good
7.94,12.36,14.81,3.51,0.485,8,good
5.14,17.46,11.63,3.06,0.67,8,good
4.92,18.99,12.3,3.6,0.692,8,good
6.4,3.01,9.66,3.69,0.682,7,good
4.09,3.94,11.38,3.58,0.661,8,good
7.75,18.95,11.0,3.83,0.402,8,good
6.93,14.99,8.52,3.27,0.469,8,good
3.45,17.78,8.74,3.87,0.535,8,good
5.09,4.85,13.86,3.41,0.465,8,good
7.4,12.16,9.68,3.48,0.677,8,good
7.72,14.32,9.36,3.71,0.465,8,good
5.34,13.92,11.53,2.83,0.369,8,good
6.07,8.75,13.38,3.72,0.5,8,good
3.84,1.29,8.43,3.67,0.79,6,bad
7.96,12.08,12.04,3.23,0.413,8,good
4.16,5.81,8.83,2.92,0.606,8,good
7.71,9.55,8.26,2.93,0.516,8,good
6.25,19.19,8.37,4.09,0.336,8,good
6.04,8.58,13.84,3.76,0.544,8,good
5.56,16.96,8.83,2.98,0.651,8,good
4.15,4.58,8.32,3.3,0.557,8,good
3.88,13.78,11.07,3.63,0.736,8,good
4.1,19.56,13.91,3.97,0.444,8,good
3.93,2.94,9.84,2.86,0.343,8,good
6.9,1.16,10.95,3.13,0.768,6,bad
4.75,9.24,8.28,4.05,0.489,8,good
3.29,2.76,11.14,2.81,0.588,8,good
7.85,15.22,12.04,3.08,0.696,8,good
7.42,18.38,12.0,4.14,0.462,8,good
7.64,9.25,10.33,3.66,0.658,7,good
7.97,5.92,10.21,3.17,0.368,7,good
3.87,9.25,8.75,2.89,0.446,8,good
4.98,14.75,10.57,2.84,0.372,8,good
6.79,1.17,8.7,3.14,0.706,7,good
6.48,12.2,13.37,4.03,0.411,8,good
3.77,12.65,14.76,3.38,0.659,8,good
7.08,13.12,14.79,3.81,0.772,8,good
4.12,5.6,14.06,4.09,0.564,8,good
4.12,14.57,12.21,3.37,0.57,8,good
5.68,2.74,12.91,3.07,0.531,8,good
5.96,4.79,10.0,3.52,0.463,8,good
5.9,17.67,12.42,4.07,0.538,8,good
3.46,15.04,11.19,3.93,0.601,8,good
7.39,1.26,11.37,2.89,0.793,6,bad
4.33,5.72,13.3,3.77,0.769,8,good
3.65,5.07,9.97,3.6,0.731,8,good
7.44,6.15,10.23,4.07,0.745,8,good
7.78,5.7,14.47,2.97,0.534,8,good
7.31,2.19,8.39,3.55,0.629,5,bad
7.05,9.72,11.4,4.03,0.748,8,good
6.28,14.92,14.39,3.37,0.496,8,good
5.75,12.53,12.27,3.47,0.781,8,good
3.43,13.78,11.82,2.9,0.508,8,good
5.04,2.54,9.75,3.19,0.601,8,good
4.86,19.08,10.4,3.25,0.655,8,good
4.3,16.93,13.96,4.12,0.775,8,good
6.62,16.3,11.91,3.2,0.422,8,good
5.48,16.64,11.6,3.45,0.673,8,good
3.41,18.72,8.7,3.74,0.56,8,good
4.1,11.34,8.11,3.03,0.434,8,good
6.42,4.81,14.75,3.48,0.688,8,good
3.38,12.72,10.64,3.83,0.576,8,good
7.26,15.11,12.22,4.01,0.63,8,good
5.48,15.02,8.56,3.68,0.461,8,good
5.4,10.91,12.78,3.74,0.541,8,good
5.96,2.3,14.53,2.98,0.609,8,good
7.12,8.05,12.03,4.12,0.502,8,good
4.74,18.49,8.88,2.99,0.399,8,good
6.39,12.1,12.07,3.88,0.781,8,good
5.83,11.23,13.36,3.17,0.556,8,good
4.34,6.11,10.84,4.11,0.667,8,good
7.39,8.0,14.16,3.81,0.506,8,good
6.99,18.01,12.54,3.86,0.478,8,good
6.29,13.66,14.29,3.11,0.504,8,good
7.25,15.96,12.36,3.42,0.505,8,good
7.34,9.63,8.92,3.66,0.572,8,good
6.54,12.97,10.17,3.88,0.572,8,good
7.19,5.72,9.41,2.95,0.549,6,bad
6.49,14.4,14.36,4.15,0.367,8,good
6.4,9.12,13.32,4.05,0.548,8,good
6.09,9.41,12.73,3.18,0.385,8,good
6.76,13.34,10.11,3.95,0.363,8,good
3.79,18.79,9.29,3.53,0.766,8,good
7.4,2.22,13.3,3.45,0.602,8,good
7.36,16.67,11.32,3.24,0.63,8,good
3.15,6.56,9.58,3.61,0.501,8,good
7.13,9.43,12.32,3.82,0.754,8,good
3.64,1.42,8.28,3.38,0.619,7,good
4.68,6.72,10.28,3.68,0.685,8,good
6.72,10.55,11.28,3.78,0.484,8,good
3.8,2.07,9.04,3.8,0.78,8,good
7.09,10.33,14.89,2.87,0.71,8,good
7.16,18.62,9.46,4.0,0.727,8,good
5.54,3.0,8.91,3.44,0.386,7,good
3.03,15.52,9.42,3.17,0.435,8,good
4.44,8.78,13.38,3.14,0.443,8,good
6.08,13.45,10.98,3.48,0.435,8,good
7.91,5.94,11.96,4.04,0.728,8,good
6.16,4.03,8.15,3.33,0.316,5,bad
4.3,4.05,8.24,3.85,0.338,8,good
6.17,2.34,11.12,2.94,0.437,8,good
5.7,4.53,13.72,3.47,0.4,8,good
6.9,13.62,14.2,4.19,0.416,8,good
3.53,17.75,8.61,3.88,0.699,8,good
6.81,16.47,11.77,3.09,0.582,8,good
5.71,14.02,14.39,3.5,0.303,8,good
7.81,3.1,10.72,3.13,0.515,7,good
4.71,6.49,13.81,3.37,0.504,8,good
6.16,6.89,8.94,3.89,0.357,8,good
7.66,5.75,14.55,3.88,0.638,8,good
3.51,10.79,13.26,3.12,0.651,8,good
7.69,11.18,14.59,4.09,0.66,8,good
6.44,7.78,12.74,3.63,0.664,8,good
3.34,7.72,10.54,3.33,0.3,8,good
4.5,16.74,14.57,3.5,0.777,8,good
6.54,16.0,9.93,3.65,0.707,8,good
3.34,6.85,10.33,3.58,0.752,8,good
5.91,18.36,12.91,3.48,0.308,8,good
4.73,19.1,13.36,3.51,0.767,8,good
6.1,7.21,14.51,3.05,0.705,8,good
3.23,7.73,9.43,3.94,0.719,8,good
7.36,10.61,13.59,3.56,0.347,8,good
7.87,18.88,13.17,2.98,0.669,8,good
7.84,17.65,8.45,3.87,0.78,8,good
6.75,2.95,10.71,4.11,0.639,7,good
3.65,8.46,9.98,4.13,0.585,8,good
6.79,11.51,10.13,3.32,0.773,8,good
3.12,10.56,14.88,2.99,0.521,8,good
3.11,4.68,12.5,3.53,0.6,8,good
4.62,17.32,13.02,2.96,0.538,8,good
5.44,13.86,14.84,4.11,0.766,8,good
6.85,16.92,10.64,3.06,0.338,8,good
6.42,17.32,13.61,3.15,0.551,8,good
5.23,15.22,11.04,3.37,0.643,8,good
4.37,9.35,14.09,3.34,0.696,8,good
7.99,12.6,9.26,3.91,0.592,8,good
5.13,4.05,14.63,3.44,0.754,8,good
5.26,13.8,9.53,3.04,0.771,8,good
3.82,4.41,10.28,3.17,0.332,8,good
6.97,14.19,13.29,3.51,0.501,8,good
6.47,5.36,10.76,3.01,0.312,8,good
4.1,3.23,12.26,3.66,0.465,8,good
3.41,4.14,11.11,3.59,0.568,8,good
6.4,1.04,13.2,3.8,0.755,8,good
6.27,14.66,9.6,4.11,0.723,8,good
4.37,14.92,8.41,4.08,0.364,8,good
7.75,10.78,10.1,4.12,0.347,7,good
3.76,4.07,11.32,3.14,0.595,8,good
5.16,2.59,9.18,2.98,0.566,8,good
7.72,1.36,10.48,3.22,0.433,6,bad
5.1,4.15,10.8,4.05,0.75,8,good
6.19,17.93,8.4,4.16,0.764,8,good
4.99,5.59,12.08,4.0,0.501,8,good
4.37,7.73,14.19,2.95,0.745,8,good
7.92,3.0,9.06,4.13,0.492,7,good
5.05,5.22,12.18,3.39,0.668,8,good
7.47,10.87,12.65,2.81,0.538,8,good
4.15,12.55,10.94,3.42,0.361,8,good
4.07,5.66,12.91,2.86,0.764,8,good
3.16,2.1,10.88,3.56,0.527,8,good
6.26,8.43,11.53,3.27,0.667,8,good
4.84,5.45,8.05,3.46,0.484,7,good
7.32,5.17,12.84,3.66,0.309,8,good
5.37,19.24,12.63,4.02,0.35,8,good
7.84,12.71,8.27,3.73,0.548,8,good
3.93,11.58,10.58,3.41,0.645,8,good
7.34,8.9,14.85,3.95,0.467,8,good
6.88,9.15,10.95,4.07,0.648,8,good
6.85,11.28,11.51,2.97,0.649,8,good
7.22,14.23,14.37,3.54,0.652,8,good
6.81,14.34,13.02,3.2,0.546,8,good
6.13,4.26,12.07,2.87,0.757,7,good
3.66,10.5,13.58,3.74,0.545,8,good
3.16,8.83,14.05,4.01,0.525,8,good
7.6,17.54,11.2,3.03,0.4,8,good
6.08,13.0,11.33,3.94,0.454,8,good
6.98,11.12,10.7,3.99,0.321,8,good
5.41,3.19,14.77,4.08,0.617,8,good
3.59,12.51,12.88,3.17,0.424,8,good
3.63,3.23,8.58,4.07,0.452,8,good
6.43,7.41,14.04,3.25,0.685,8,good
5.15,3.71,11.36,3.57,0.464,8,good
4.0,14.15,8.48,2.87,0.421,8,good
5.46,4.92,11.85,2.86,0.385,8,good
3.32,8.45,10.92,3.81,0.687,8,good
5.91,18.02,14.14,3.42,0.365,8,good
4.34,4.88,9.43,3.16,0.527,8,good
6.99,10.65,13.79,3.07,0.553,8,good
4.55,8.97,11.9,3.74,0.644,8,good
5.28,1.34,8.38,2.8,0.617,7,good
3.06,16.06,14.8,3.93,0.705,8,good
3.36,2.31,11.59,2.91,0.322,8,good
4.96,10.01,10.04,3.07,0.448,8,good
5.4,11.65,11.29,3.34,0.44,8,good
6.0,12.94,14.01,3.48,0.373,8,good
4.46,14.08,10.13,3.3,0.445,8,good
6.47,5.81,9.35,3.25,0.455,6,bad
7.3,1.19,8.9,4.15,0.561,6,bad
6.9,14.75,10.09,3.7,0.632,8,good
3.2,11.18,13.46,2.83,0.491,8,good
5.4,16.89,11.3,3.4,0.66,8,good
3.52,16.61,9.59,4.03,0.468,8,good
4.21,17.02,9.16,3.22,0.445,8,good
7.93,10.22,10.33,2.93,0.571,8,good
3.71,7.34,14.58,3.86,0.312,8,good
5.49,16.04,10.4,3.65,0.34,8,good
6.09,9.57,14.92,3.6,0.509,8,good
6.51,4.49,11.4,2.88,0.771,8,good
5.8,17.24,9.25,3.0,0.661,8,good
3.05,17.77,14.24,3.67,0.344,8,good
4.63,9.86,11.22,3.09,0.723,8,good
5.59,2.44,12.97,3.51,0.666,8,good
3.44,8.37,14.89,3.56,0.605,8,good
4.75,16.27,8.35,3.2,0.71,8,good
3.17,18.13,8.68,4.13,0.502,8,good
3.39,4.87,13.04,3.98,0.411,8,good
4.98,2.27,9.97,3.81,0.556,6,bad
3.66,17.67,9.29,2.91,0.574,8,good
5.84,8.4,8.28,2.95,0.569,8,good
6.45,11.29,8.15,3.49,0.583,8,good
7.0,19.39,13.42,3.02,0.774,8,good
4.0,2.26,8.94,4.17,0.751,6,bad
3.84,13.32,11.27,3.02,0.738,8,good
3.52,2.41,12.24,3.48,0.701,8,good
6.18,8.13,11.0,3.31,0.772,7,good
6.53,16.27,8.19,3.7,0.349,8,good
3.16,9.24,13.48,2.98,0.433,8,good
7.68,19.95,8.07,3.4,0.548,8,good
3.26,11.62,13.33,3.18,0.723,8,good
5.71,7.1,14.25,4.04,0.553,8,good
6.55,5.18,11.03,2.86,0.674,7,good
7.35,7.66,11.75,4.08,0.369,7,good
6.57,8.08,11.34,3.97,0.426,8,good
7.01,2.31,10.72,3.22,0.666,5,bad
4.7,8.02,14.21,3.91,0.382,8,good
7.07,9.82,14.26,2.84,0.476,8,good
3.4,14.73,10.35,4.15,0.432,8,good
7.47,13.48,12.31,3.54,0.475,8,good
5.74,14.47,14.49,3.22,0.654,8,good
7.09,1.16,14.73,3.31,0.484,8,good
5.26,5.14,11.56,2.89,0.578,8,good
6.22,13.57,11.17,4.19,0.35,8,good
5.63,10.2,9.95,2.86,0.703,8,good
6.66,1.1,14.71,3.72,0.485,8,good
3.41,16.29,9.0,3.42,0.624,8,good
3.3,15.68,12.06,4.13,0.663,8,good
4.24,11.42,9.98,3.14,0.405,8,good
3.8,2.26,9.95,3.54,0.742,8,good
7.36,15.56,10.83,3.48,0.608,8,good
4.1,12.09,14.99,3.78,0.514,8,good
7.88,15.86,8.38,2.9,0.391,8,good
4.68,15.28,12.05,3.07,0.771,8,good
3.91,16.26,8.58,3.1,0.678,8,good
6.95,10.84,9.08,3.83,0.404,8,good
6.29,3.67,11.08,3.06,0.469,6,bad
5.49,13.75,11.57,3.6,0.705,8,good
5.78,12.79,9.81,3.1,0.648,8,good
6.6,15.1,10.22,4.01,0.683,8,good
4.14,4.23,8.61,4.12,0.521,8,good
7.98,4.7,10.12,3.53,0.658,7,good
7.87,17.92,14.77,3.29,0.493,8,good
6.25,15.25,14.61,3.13,0.406,8,good
4.0,18.26,10.34,2.87,0.616,8,good
6.4,15.42,12.0,3.18,0.788,8,good
3.36,12.35,14.37,3.72,0.455,8,good
3.15,13.43,8.04,3.55,0.53,8,good
4.29,17.89,13.67,4.12,0.637,8,good
5.31,12.0,14.64,3.35,0.571,8,good
7.34,13.02,8.64,3.77,0.722,8,good
6.64,3.97,9.13,3.49,0.681,6,bad
6.71,10.0,14.73,3.52,0.329,8,good
5.13,14.61,11.76,3.17,0.799,8,good
4.73,6.15,8.1,3.44,0.676,8,good
4.86,4.84,9.8,3.46,0.732,7,good
7.94,6.96,11.15,3.79,0.626,8,good
3.2,5.59,12.85,4.12,0.728,8,good
7.34,5.08,13.13,3.26,0.356,8,good
5.89,9.07,14.97,2.86,0.474,8,good
5.19,18.25,10.01,3.49,0.738,8,good
6.63,10.63,11.77,3.56,0.401,8,good
5.43,4.57,11.73,3.04,0.339,8,good
7.37,2.46,10.84,3.86,0.694,7,good
7.5,14.23,9.18,4.18,0.718,8,good
5.11,8.27,14.84,4.12,0.381,8,good
4.38,16.61,13.97,3.08,0.727,8,good
5.96,13.53,11.49,4.03,0.643,8,good
7.56,16.13,12.22,3.79,0.56,8,good
4.05,6.17,9.59,3.44,0.715,8,good
6.11,14.15,11.81,3.56,0.51,8,good
6.16,6.02,12.86,3.99,0.397,8,good
6.67,18.84,11.61,3.47,0.442,8,good
3.66,13.09,14.93,3.32,0.553,8,good
6.58,7.17,12.28,3.49,0.566,8,good
7.55,6.12,10.6,3.61,0.703,6,bad
3.9,4.63,13.41,3.06,0.696,8,good
4.19,14.2,9.19,4.06,0.591,8,good
7.86,5.16,10.69,3.74,0.69,8,good
3.9,12.31,10.43,3.69,0.396,8,good
7.27,6.03,11.02,2.94,0.325,7,good
5.46,13.58,13.47,3.65,0.737,8,good
4.24,16.48,11.39,2.97,0.338,8,good
7.35,15.78,13.56,2.91,0.423,8,good
5.23,15.46,12.04,3.54,0.648,8,good
5.57,4.57,10.39,3.36,0.505,8,good
4.8,2.68,13.67,3.62,0.738,8,good
5.96,14.28,9.67,2.92,0.449,8,good
3.82,8.0,9.57,3.4,0.306,8,good
4.96,9.21,11.53,3.04,0.45,8,good
7.85,1.59,9.83,4.18,0.589,5,bad
4.29,5.93,8.06,3.59,0.488,8,good
6.28,1.64,12.54,3.76,0.567,8,good
4.63,17.7,11.58,3.26,0.738,8,good
6.87,5.62,11.12,2.93,0.756,8,good
3.65,11.59,14.77,4.17,0.433,8,good
7.85,1.74,12.0,3.2,0.531,7,good
5.27,13.67,14.04,3.39,0.575,8,good
4.18,7.14,8.98,3.71,0.775,8,good
3.37,18.06,11.98,2.83,0.799,8,good
3.85,17.87,14.08,3.93,0.418,8,good
5.6,7.18,12.08,3.55,0.663,8,good
4.69,18.12,13.03,3.19,0.489,8,good
7.14,19.93,10.6,2.89,0.304,8,good
5.15,16.68,8.65,3.03,0.305,8,good
4.24,17.05,11.21,4.05,0.53,8,good
6.09,5.73,10.76,3.76,0.544,8,good
6.53,11.96,14.07,3.15,0.311,8,good
3.84,2.28,9.71,2.89,0.643,8,good
3.84,2.8,14.77,3.77,0.447,8,good
3.18,19.98,14.71,3.6,0.58,8,good
6.68,7.21,9.73,3.37,0.45,6,bad
6.32,15.22,10.44,3.31,0.384,8,good
5.37,16.33,14.27,3.1,0.504,8,good
7.22,17.3,14.77,3.74,0.416,8,good
7.03,19.95,11.1,4.16,0.567,8,good
5.93,5.59,10.25,3.05,0.399,8,good
7.34,1.77,11.68,3.64,0.554,8,good
4.03,8.81,12.81,3.39,0.379,8,good
3.56,3.47,9.91,3.43,0.635,7,good
4.35,1.43,13.16,3.16,0.677,8,good
3.29,7.85,8.36,3.96,0.355,8,good
5.66,15.89,8.35,3.48,0.534,8,good
7.68,11.76,10.7,3.56,0.335,8,good
3.2,6.94,10.47,3.23,0.599,8,good
3.61,13.43,10.21,3.05,0.432,8,good
5.26,5.41,11.44,2.92,0.564,8,good
7.67,1.27,10.25,3.8,0.559,5,bad
4.58,15.52,9.35,3.07,0.762,8,good
5.54,12.85,10.17,3.77,0.575,8,good
3.21,15.48,14.82,3.35,0.591,8,good
3.74,1.74,10.88,3.38,0.501,7,good
7.93,16.91,11.11,3.46,0.775,8,good
7.83,12.77,12.04,3.31,0.689,8,good
3.02,11.7,14.88,2.94,0.443,8,good
7.76,12.87,9.69,3.23,0.722,8,good
6.2,17.42,12.77,3.73,0.516,8,good
7.34,12.15,13.01,3.73,0.714,8,good
5.27,12.04,12.25,3.2,0.711,8,good
5.58,19.82,8.62,3.44,0.394,8,good
5.44,15.38,12.74,3.07,0.651,8,good
6.33,9.4,8.45,3.09,0.445,8,good
3.7,14.44,12.17,2.83,0.449,8,good
3.15,8.4,13.18,4.06,0.448,8,good
4.54,5.35,9.48,3.09,0.663,8,good
6.52,12.34,13.89,3.12,0.415,8,good
4.01,18.64,8.21,3.19,0.3,8,good
6.37,18.65,13.91,2.98,0.658,8,good
7.85,7.5,11.22,3.69,0.386,8,good
3.47,11.03,9.52,2.91,0.352,8,good
6.36,5.02,8.94,2.99,0.419,8,good
5.22,19.92,14.67,3.7,0.49,8,good
7.34,19.64,8.51,3.28,0.538,8,good
3.89,13.34,9.39,3.79,0.322,8,good
6.46,16.28,10.43,3.58,0.785,8,good
7.19,14.59,12.34,3.16,0.658,8,good
7.72,12.27,11.81,3.71,0.462,8,good
6.42,2.01,8.88,2.96,0.459,6,bad
5.49,9.64,10.03,3.55,0.524,8,good
6.09,13.82,9.67,3.41,0.613,8,good
7.34,13.87,9.49,3.18,0.373,8,good
5.85,8.09,10.88,3.65,0.394,8,good
3.15,18.89,12.93,4.02,0.73,8,good
7.65,4.18,9.52,4.2,0.428,7,good
6.45,10.51,10.57,3.65,0.49,8,good
6.38,14.13,10.74,3.37,0.736,8,good
4.08,14.25,14.84,3.12,0.632,8,good
6.29,13.32,14.68,3.16,0.471,8,good
4.97,6.23,13.6,3.47,0.642,8,good
6.26,3.97,9.69,3.31,0.31,8,good
3.53,13.08,8.48,4.08,0.668,8,good
6.29,12.39,10.22,3.32,0.544,8,good
8.0,4.41,9.87,3.32,0.707,8,good
3.24,14.4,11.54,3.34,0.777,8,good
7.89,9.65,13.44,3.97,0.763,8,good
5.03,13.69,14.01,3.71,0.755,8,good
7.35,16.91,13.91,3.66,0.556,8,good
6.91,4.22,10.52,3.27,0.48,8,good
5.84,1.36,12.81,3.95,0.533,7,good
6.69,15.8,10.19,2.85,0.645,8,good
7.39,12.58,8.43,4.02,0.742,8,good
5.02,14.29,12.91,3.52,0.403,8,good
4.64,16.92,8.07,3.36,0.759,8,good
6.34,16.25,10.86,3.5,0.708,8,good
7.04,19.26,10.31,3.73,0.789,8,good
6.81,11.18,12.85,2.82,0.74,8,good
6.99,10.28,13.36,4.02,0.44,8,good
5.18,8.64,10.13,3.43,0.353,8,good
7.09,3.92,13.68,3.28,0.356,8,good
3.6,11.88,10.06,2.99,0.446,8,good
5.72,6.26,11.12,3.42,0.607,8,good
3.03,18.5,13.09,3.49,0.702,8,good
4.62,12.08,12.85,3.37,0.75,8,good
4.83,12.26,14.91,3.75,0.612,8,good
4.98,7.74,9.58,3.39,0.303,8,good
6.48,1.99,12.64,4.15,0.393,8,good
4.94,1.6,12.27,3.64,0.35,8,good
5.24,9.04,14.41,3.93,0.482,8,good
4.19,2.61,9.09,2.95,0.551,7,good
4.87,12.53,13.26,3.36,0.322,8,good
4.14,17.74,11.98,3.27,0.474,8,good
3.37,17.78,9.92,3.6,0.39,8,good
6.02,13.52,11.32,4.01,0.624,8,good
6.34,5.01,10.34,2.91,0.532,8,good
6.1,17.4,12.06,2.9,0.548,8,good
5.32,17.84,14.22,3.99,0.514,8,good
4.9,4.74,11.99,3.1,0.778,8,good
7.32,15.01,12.42,3.74,0.407,8,good
5.6,6.44,11.63,3.56,0.558,8,good
5.4,16.25,8.36,3.97,0.668,8,good
3.13,19.95,9.63,2.98,0.578,8,good
4.71,1.57,11.44,2.98,0.765,8,good
4.9,18.05,10.17,3.58,0.489,8,good
4.99,12.83,9.27,4.12,0.532,8,good
5.9,19.49,11.53,3.38,0.344,8,good
5.67,9.84,10.26,3.26,0.604,8,good
6.04,17.1,9.81,3.65,0.444,8,good
6.82,2.19,11.25,4.1,0.38,8,good
7.06,7.37,8.93,3.97,0.572,8,good
6.59,2.27,14.49,4.19,0.566,8,good
7.78,19.53,14.07,2.83,0.338,8,good
3.09,16.52,12.95,2.96,0.649,8,good
3.98,17.2,8.74,3.65,0.612,8,good
3.04,18.82,13.43,3.95,0.395,8,good
6.24,2.62,13.66,3.2,0.535,8,good
7.49,8.33,13.37,3.13,0.66,8,good
4.22,2.35,8.8,3.9,0.565,7,good
7.64,5.01,12.51,2.88,0.498,8,good
3.3,5.36,13.84,3.32,0.461,8,good
7.67,9.91,12.04,3.51,0.605,8,good
4.76,6.1,12.52,3.58,0.77,8,good
3.51,2.92,11.21,3.82,0.636,8,good
5.43,4.18,11.7,3.3,0.337,8,good
4.28,3.8,8.24,3.66,0.53,7,good
4.42,19.49,12.47,3.62,0.745,8,good
4.54,15.43,8.57,3.57,0.347,8,good
7.02,19.39,11.05,3.7,0.794,8,good
5.7,9.36,10.05,3.16,0.775,8,good
4.56,6.29,11.82,2.92,0.339,8,good
6.05,16.17,8.93,2.97,0.767,8,good
6.58,7.2,12.84,3.11,0.482,8,good
4.36,6.69,13.57,3.5,0.722,8,good
5.07,5.42,9.14,3.98,0.509,8,good
3.61,3.46,8.73,3.78,0.52,6,bad
3.91,5.87,9.02,3.9,0.617,8,good
6.41,7.75,14.14,3.29,0.687,8,good
3.91,13.81,11.7,3.37,0.317,8,good
5.63,2.19,11.27,3.35,0.597,8,good
6.55,5.0,8.75,3.07,0.393,5,bad
3.53,16.37,12.55,2.89,0.473,8,good
5.84,3.79,14.08,3.63,0.474,8,good
4.28,7.51,13.8,4.18,0.535,8,good
7.81,17.43,12.38,3.03,0.467,8,good
5.42,3.94,8.53,2.87,0.354,5,bad
7.03,2.57,8.79,3.89,0.373,5,bad
5.75,10.21,8.35,3.15,0.317,8,good
3.22,6.75,9.8,3.96,0.535,8,good
6.17,11.7,8.95,3.79,0.777,8,good
7.76,16.27,9.82,4.12,0.358,8,good
6.01,3.61,10.7,3.37,0.773,8,good
7.1,12.03,14.6,3.73,0.667,8,good
7.42,10.6,12.27,3.45,0.619,8,good
4.14,3.74,13.84,3.68,0.623,8,good
4.06,12.86,12.97,3.43,0.713,8,good
6.05,6.2,8.79,3.06,0.353,8,good
5.06,10.27,13.15,3.51,0.552,8,good
7.2,2.56,9.93,3.54,0.649,8,good
7.5,9.73,12.47,3.93,0.593,8,good
4.77,6.82,10.39,3.83,0.716,8,good
4.18,16.63,14.98,3.73,0.336,8,good
6.9,2.08,9.84,2.96,0.645,6,bad
4.37,8.95,9.95,3.81,0.567,8,good
7.11,9.71,14.51,3.5,0.49,8,good
5.12,14.78,8.17,4.05,0.47,8,good
6.34,11.91,12.88,4.09,0.61,8,good
3.48,13.68,13.08,2.88,0.745,8,good
6.12,15.76,13.85,3.95,0.548,8,good
5.26,17.38,14.82,2.85,0.712,8,good
5.93,6.96,14.83,3.31,0.501,8,good
3.84,11.22,8.46,3.56,0.351,8,good
6.68,16.96,13.75,3.01,0.331,8,good
7.31,19.8,12.52,3.84,0.326,8,good
4.08,17.9,12.53,2.81,0.49,8,good
3.48,8.06,8.9,3.04,0.469,8,good
3.12,4.71,12.55,3.61,0.659,8,good
6.21,10.3,14.88,3.8,0.671,8,good
6.04,15.09,14.38,4.08,0.325,8,good
5.73,10.36,11.07,3.79,0.411,8,good
4.16,10.18,8.28,3.74,0.437,8,good
4.95,16.93,10.54,3.35,0.574,8,good
5.97,7.87,13.78,2.8,0.372,8,good
5.48,17.34,12.91,2.97,0.367,8,good
7.94,8.73,11.22,3.55,0.772,7,good
3.68,7.24,8.39,3.75,0.702,8,good
6.48,9.63,10.99,3.38,0.39,8,good
5.02,15.49,11.28,3.82,0.503,8,good
5.14,3.39,14.5,3.53,0.478,8,good
6.59,4.73,12.49,2.9,0.696,8,good
6.46,19.08,10.18,3.07,0.555,8,good
7.96,4.33,11.68,3.98,0.364,8,good
3.64,11.79,8.46,3.81,0.669,8,good
3.52,12.01,14.81,4.05,0.498,8,good
6.62,10.3,10.52,2.96,0.431,8,good
5.89,13.25,11.35,4.19,0.488,8,good
4.37,5.37,10.49,3.09,0.549,8,good
3.4,11.5,12.78,2.82,0.472,8,good
3.43,8.07,12.64,4.2,0.421,8,good
7.47,13.57,13.01,3.19,0.499,8,good
3.96,3.68,9.88,3.74,0.31,8,good
4.62,11.85,10.21,3.05,0.686,8,good
4.13,4.52,8.88,3.61,0.385,8,good
4.77,6.29,12.59,4.07,0.322,8,good
3.35,5.16,8.28,3.25,0.627,8,good
5.6,4.47,12.18,3.74,0.687,8,good
3.34,16.69,14.09,3.06,0.707,8,good
7.0,6.43,14.24,3.67,0.547,8,good
4.17,18.62,11.14,3.27,0.403,8,good
5.7,19.43,11.22,3.1,0.669,8,good
7.4,11.85,8.54,3.24,0.65,6,bad
6.25,3.72,12.7,3.05,0.423,8,good
5.66,8.12,13.75,4.06,0.752,8,good
4.62,16.16,9.71,3.36,0.352,8,good
4.67,7.98,10.95,3.14,0.791,8,good
6.35,2.65,13.87,3.43,0.73,8,good
7.97,11.58,14.14,3.25,0.644,8,good
6.31,17.06,9.7,3.84,0.769,8,good
5.79,16.12,11.85,4.16,0.661,8,good
6.65,4.33,9.35,3.41,0.395,7,good
5.33,13.78,8.71,4.01,0.521,8,good
3.3,5.19,14.38,3.59,0.336,8,good
5.81,5.15,13.74,3.02,0.495,8,good
7.79,17.61,13.32,3.77,0.671,8,good
3.88,5.74,8.34,3.52,0.493,7,good
6.45,6.0,13.91,3.71,0.465,8,good
4.0,1.01,11.07,4.05,0.598,7,good
5.68,17.54,10.4,3.42,0.736,8,good
3.48,16.06,11.83,4.06,0.324,8,good
5.25,12.92,8.64,3.85,0.493,8,good
6.78,15.26,13.3,3.48,0.379,8,good
4.74,3.89,12.08,3.64,0.648,8,good
6.32,9.71,9.31,3.26,0.353,7,good
6.98,7.67,9.32,4.18,0.632,7,good
7.64,2.78,9.29,3.73,0.443,7,good
4.17,10.24,8.4,2.86,0.399,8,good
5.0,18.49,12.11,3.26,0.768,8,good
3.76,1.76,13.88,3.67,0.309,8,good
7.96,6.54,8.12,2.88,0.519,5,bad
7.64,4.94,8.34,2.83,0.311,6,bad
5.7,5.52,12.01,3.43,0.542,8,good
7.21,18.26,13.74,3.27,0.551,8,good
5.6,9.89,10.29,3.41,0.461,8,good
6.12,9.86,10.45,3.17,0.366,8,good
3.45,15.45,12.17,3.03,0.488,8,good
6.78,3.94,9.92,3.76,0.636,7,good
3.64,10.26,8.19,3.52,0.691,8,good
7.13,9.17,13.15,3.08,0.565,8,good
6.91,12.34,12.38,3.25,0.595,8,good
6.54,19.99,12.07,3.63,0.4,8,good
3.18,15.62,13.19,2.9,0.444,8,good
4.52,8.56,12.73,3.01,0.381,8,good
4.32,16.72,9.44,2.9,0.425,8,good
4.8,4.24,10.47,3.94,0.412,8,good
3.44,1.58,8.88,3.85,0.56,7,good
7.68,4.88,8.91,3.85,0.581,8,good
5.77,7.47,12.73,3.8,0.772,8,good
4.53,10.7,14.01,3.74,0.398,8,good
4.98,12.69,14.74,3.47,0.621,8,good
5.24,18.3,12.4,3.7,0.709,8,good
6.0,10.69,9.29,2.85,0.58,8,good
5.58,10.52,8.74,3.67,0.428,8,good
7.6,1.95,13.69,3.89,0.431,8,good
5.48,1.66,12.05,3.5,0.32,8,good
7.96,11.47,12.33,3.3,0.453,8,good
7.26,9.33,13.47,3.19,0.672,8,good
4.04,16.94,12.92,3.7,0.324,8,good
7.65,4.05,13.84,3.77,0.41,8,good
3.58,1.47,8.39,4.02,0.653,8,good
7.09,9.53,13.23,3.28,0.691,8,good
4.9,5.51,13.96,3.88,0.528,8,good
7.39,1.94,10.0,3.59,0.649,6,bad
7.34,14.77,12.48,4.04,0.494,8,good
7.03,3.12,10.2,3.54,0.38,4,bad
6.95,12.56,14.71,3.52,0.499,8,good
4.52,6.34,8.23,3.61,0.59,7,good
3.4,4.3,12.06,3.85,0.774,8,good
5.01,8.22,9.17,4.15,0.334,8,good
3.87,16.23,12.99,2.9,0.554,8,good
6.47,8.45,9.23,2.87,0.464,8,good
4.73,15.26,9.65,4.11,0.554,8,good
7.88,3.38,11.46,3.54,0.312,6,bad
6.2,15.68,14.4,3.66,0.457,8,good
7.11,5.5,9.48,3.48,0.71,8,good
3.66,13.87,9.01,2.93,0.577,8,good
7.31,11.75,13.31,3.88,0.525,8,good
7.61,18.65,11.5,3.85,0.443,8,good
5.44,8.36,14.38,3.24,0.449,8,good
6.03,2.26,9.03,3.23,0.492,4,bad
6.82,1.36,12.52,3.97,0.718,8,good
3.87,16.71,9.63,2.9,0.784,8,good
5.51,10.97,9.1,4.03,0.519,8,good
4.99,15.73,12.78,3.16,0.497,8,good
3.73,5.45,12.16,3.63,0.723,8,good
4.84,7.56,13.28,4.11,0.513,8,good
3.34,1.57,10.17,3.75,0.576,8,good
3.13,19.27,11.14,3.38,0.415,8,good
3.68,13.69,10.84,3.77,0.672,8,good
7.82,18.73,14.89,3.28,0.566,8,good
5.75,6.04,10.05,3.19,0.705,8,good
7.83,12.62,10.06,4.2,0.69,7,good
5.16,13.89,10.48,3.85,0.408,8,good
4.56,7.03,11.95,3.7,0.658,8,good
5.53,17.11,9.77,3.3,0.7,8,good
5.2,19.0,14.41,2.87,0.473,8,good
3.53,17.81,9.86,2.84,0.386,8,good
6.2,15.04,14.27,3.58,0.301,8,good
4.08,6.27,8.72,3.87,0.525,8,good
6.1,6.35,12.6,3.55,0.476,8,good
6.25,19.3,14.35,3.98,0.577,8,good
3.76,1.2,9.18,2.85,0.394,7,good
3.31,14.6,14.78,3.31,0.73,8,good
6.9,14.42,11.17,3.13,0.429,8,good
5.3,12.83,14.62,3.43,0.413,8,good
3.29,19.81,12.74,2.9,0.54,8,good
7.97,6.93,10.11,4.14,0.549,8,good
3.29,7.46,9.32,3.11,0.408,8,good
6.48,2.5,10.13,4.09,0.436,6,bad
7.92,9.41,8.65,3.4,0.385,8,good
4.2,5.96,9.01,4.18,0.659,8,good
3.71,7.52,8.73,3.58,0.685,8,good
3.61,16.86,10.96,4.1,0.531,8,good
4.52,18.77,13.57,2.81,0.657,8,good
3.51,4.53,8.99,3.85,0.668,8,good
6.46,8.08,8.91,4.06,0.369,7,good
3.31,18.64,12.5,3.0,0.783,8,good
5.55,2.17,9.38,2.93,0.711,7,good
7.98,2.75,8.68,3.39,0.402,8,good
7.07,4.09,9.17,4.11,0.393,6,bad
6.08,12.31,14.47,3.56,0.363,8,good
4.53,3.86,13.75,3.54,0.369,8,good
6.12,19.39,10.48,3.0,0.674,8,good
5.64,9.49,12.59,2.8,0.535,8,good
5.13,10.53,11.76,3.93,0.691,8,good
3.65,5.69,12.74,2.92,0.673,8,good
7.43,9.95,12.78,3.69,0.602,8,good
5.25,13.58,12.4,4.08,0.643,8,good
3.97,15.27,9.86,3.09,0.309,8,good
4.84,15.32,8.27,3.73,0.456,8,good
5.07,11.98,11.19,2.91,0.619,8,good
7.14,18.18,14.24,3.65,0.305,8,good
6.67,16.53,11.99,3.03,0.316,8,good
6.85,15.38,13.83,3.83,0.726,8,good
3.06,2.06,14.94,3.22,0.642,8,good
5.08,1.13,9.15,3.45,0.433,6,bad
5.41,5.04,12.84,3.64,0.644,8,good
3.1,13.61,12.72,3.04,0.696,8,good
4.3,8.81,14.86,3.84,0.453,8,good
6.8,8.65,14.9,3.22,0.318,8,good
3.69,17.81,12.81,3.73,0.766,8,good
5.68,18.02,9.71,3.02,0.473,8,good
4.08,18.27,13.59,3.76,0.353,8,good
3.06,6.96,8.75,2.98,0.546,8,good
4.21,14.13,13.46,3.4,0.684,8,good
7.88,6.16,14.37,3.15,0.411,8,good
7.01,4.62,10.68,3.85,0.435,8,good
7.8,4.51,12.41,3.17,0.421,8,good
5.44,7.5,11.01,4.03,0.796,8,good
3.55,9.17,11.06,4.05,0.399,8,good
5.74,16.79,10.17,3.08,0.588,8,good
5.27,3.28,13.33,3.66,0.763,8,good
7.22,14.96,14.55,2.92,0.373,8,good
3.49,11.1,14.59,3.35,0.785,8,good
5.44,6.47,9.22,3.8,0.774,8,good
3.75,10.36,14.12,3.72,0.742,8,good
4.62,6.7,13.16,3.67,0.407,8,good
6.69,12.33,9.77,3.2,0.617,8,good
5.38,9.24,8.47,3.33,0.68,8,good
4.88,4.12,9.88,2.94,0.793,7,good
4.97,3.22,14.39,3.81,0.39,8,good
5.3,11.39,12.43,3.51,0.683,8,good
6.93,18.15,13.05,3.79,0.469,8,good
7.46,7.54,9.8,3.15,0.388,7,good
7.78,14.93,13.04,3.25,0.511,8,good
6.93,13.51,8.2,3.27,0.697,8,good
4.58,18.7,10.63,2.84,0.532,8,good
6.44,16.6,12.39,3.28,0.569,8,good
5.19,11.77,9.02,3.92,0.798,8,good
4.27,13.48,13.76,4.06,0.5,8,good
7.2,18.07,9.65,3.53,0.608,8,good
3.19,8.59,12.57,3.44,0.483,8,good
7.51,7.21,10.84,2.84,0.496,7,good
5.31,1.21,12.17,4.03,0.648,8,good
6.19,16.7,8.75,2.82,0.769,8,good
6.3,16.22,8.12,4.12,0.571,8,good
7.48,2.98,14.37,3.48,0.684,8,good
6.18,11.96,9.89,3.28,0.345,8,good
6.07,9.82,13.74,4.09,0.406,8,good
3.33,3.26,15.0,2.83,0.551,8,good
5.59,19.63,9.48,3.61,0.31,8,good
3.75,5.08,9.86,3.57,0.426,8,good
6.69,2.28,12.64,3.11,0.559,8,good
5.56,12.3,14.76,3.4,0.307,8,good
6.4,15.04,14.41,3.71,0.432,8,good
3.21,1.62,11.52,3.82,0.557,8,good
3.42,13.52,13.57,2.8,0.587,8,good
6.58,11.11,8.95,4.11,0.763,8,good
3.36,2.96,14.84,3.03,0.623,8,good
3.36,4.28,14.75,3.13,0.507,8,good
3.06,11.79,9.15,3.17,0.765,8,good
7.78,6.63,10.1,2.85,0.692,7,good
6.69,18.83,8.7,2.97,0.4,8,good
4.77,16.56,9.9,4.18,0.365,8,good
4.48,19.69,13.71,3.24,0.638,8,good
4.75,5.93,10.65,2.96,0.58,8,good
6.87,19.42,8.62,2.95,0.695,8,good
6.31,9.19,10.4,3.81,0.669,8,good
3.93,7.6,14.87,4.0,0.613,8,good
3.87,1.96,12.41,3.16,0.793,8,good
3.49,2.0,10.91,2.83,0.567,7,good
6.3,14.15,9.17,3.11,0.357,8,good
6.82,9.7,14.9,2.88,0.714,8,good
4.33,5.3,13.75,2.94,0.426,8,good
3.1,12.67,9.97,3.4,0.689,8,good
3.41,5.8,8.49,3.12,0.779,8,good
7.84,11.98,8.4,3.52,0.648,8,good
4.48,7.82,8.84,3.15,0.598,8,good
6.85,16.65,12.07,4.12,0.53,8,good
6.12,16.59,14.5,4.07,0.482,8,good
4.91,10.07,11.48,3.59,0.477,8,good
4.03,7.67,13.9,3.3,0.618,8,good
3.61,7.89,11.12,3.33,0.676,8,good
6.08,16.31,12.96,3.38,0.639,8,good
6.87,7.24,13.12,3.82,0.399,8,good
6.22,4.97,9.22,3.43,0.547,7,good
5.65,2.61,10.53,4.0,0.696,7,good
3.21,9.87,12.46,4.12,0.538,8,good
7.84,10.16,8.49,3.27,0.568,6,bad
6.99,16.98,10.53,3.58,0.686,8,good
4.46,5.2,11.74,2.93,0.631,8,good
7.9,8.24,14.97,3.08,0.505,8,good
6.01,16.36,11.32,3.38,0.748,8,good
5.91,16.65,13.71,3.09,0.381,8,good
6.74,8.31,11.02,4.03,0.798,8,good
7.06,9.72,13.57,3.02,0.359,8,good
6.28,6.76,12.17,3.44,0.307,8,good
3.64,18.72,14.21,3.65,0.745,8,good
4.69,3.25,10.88,3.77,0.422,8,good
7.64,18.74,12.23,3.34,0.665,8,good
4.12,13.99,12.41,4.02,0.706,8,good
4.86,11.1,10.92,3.6,0.729,8,good
5.16,1.62,9.01,3.42,0.796,5,bad
5.2,10.04,8.65,2.89,0.447,7,good
6.06,8.75,8.12,3.45,0.655,8,good
7.72,4.06,14.11,3.95,0.358,8,good
4.2,13.47,9.66,3.66,0.503,8,good
3.61,19.45,9.48,3.97,0.724,8,good
3.99,11.68,13.15,3.49,0.484,8,good
7.43,14.58,10.24,2.97,0.596,8,good
6.23,2.3,11.54,2.82,0.552,8,good
4.43,8.94,9.14,3.22,0.623,8,good
7.08,3.21,14.72,3.78,0.786,8,good
7.31,12.64,13.96,3.91,0.328,8,good
7.23,18.83,14.05,3.21,0.587,8,good
7.59,13.57,10.85,3.49,0.732,8,good
4.26,2.46,13.34,3.39,0.541,8,good
6.78,7.74,9.01,3.37,0.339,8,good
5.3,11.46,8.06,3.12,0.58,8,good
7.21,8.66,8.14,2.99,0.466,7,good
6.64,16.84,12.11,3.08,0.377,8,good
6.88,16.48,11.19,2.88,0.725,8,good
6.28,12.62,11.63,3.08,0.561,8,good
3.89,8.1,8.05,2.81,0.767,8,good
5.73,5.85,10.96,3.68,0.703,8,good
7.92,3.01,13.03,3.24,0.646,8,good
7.69,7.74,11.1,4.16,0.303,8,good
3.22,8.85,13.13,3.07,0.514,8,good
3.82,13.84,9.63,3.28,0.399,8,good
3.66,13.51,13.69,3.3,0.755,8,good
6.63,2.33,12.12,2.81,0.387,6,bad
7.09,8.51,9.48,3.97,0.443,4,bad
4.07,4.45,9.66,2.84,0.558,8,good
5.53,3.98,12.4,4.12,0.432,8,good
7.2,16.72,13.81,4.05,0.405,8,good
6.66,1.8,10.91,3.55,0.6,7,good
5.71,8.96,9.81,3.56,0.344,8,good
5.95,4.2,14.07,3.72,0.329,8,good
5.54,17.71,12.68,3.34,0.486,8,good
4.49,11.58,11.14,3.71,0.66,8,good
5.83,5.4,11.42,2.86,0.577,8,good
6.44,10.55,9.43,2.88,0.511,8,good
7.37,14.9,12.39,3.44,0.583,8,good
6.18,19.2,10.51,3.57,0.483,8,good
6.81,5.19,14.97,4.04,0.768,8,good
3.8,17.84,11.36,2.95,0.327,8,good
5.31,18.75,11.4,3.95,0.637,8,good
3.05,18.41,11.96,3.09,0.746,8,good
4.23,13.07,14.42,3.35,0.702,8,good
6.63,12.97,13.61,3.24,0.392,8,good
7.96,8.66,11.16,3.36,0.448,8,good
3.5,15.3,13.03,3.01,0.659,8,good
5.01,11.09,12.1,3.5,0.342,8,good
7.0,13.87,11.45,3.92,0.706,8,good
4.02,9.14,9.35,3.42,0.659,8,good
5.78,14.9,11.25,3.49,0.665,8,good
6.67,16.66,9.72,3.99,0.35,8,good
6.08,3.78,14.4,3.79,0.659,8,good
3.94,16.83,10.35,3.49,0.64,8,good
4.78,11.27,14.67,3.16,0.715,8,good
6.92,17.05,11.73,4.04,0.321,8,good
5.77,9.19,12.42,3.61,0.312,8,good
3.03,8.2,11.8,3.11,0.487,8,good
6.8,18.39,8.91,3.18,0.374,8,good
3.18,5.77,10.63,3.92,0.579,8,good
6.73,17.04,8.69,2.86,0.759,8,good
4.01,10.2,12.36,4.19,0.496,8,good
7.79,10.77,11.13,2.98,0.722,8,good
4.84,6.86,13.45,3.91,0.3,8,good
4.63,11.89,9.54,3.35,0.384,8,good
3.74,7.18,9.15,3.49,0.315,8,good
4.53,1.75,10.84,4.03,0.464,7,good
7.38,6.17,14.49,3.38,0.754,8,good
7.98,1.12,12.97,3.55,0.348,8,good
4.84,19.59,10.93,2.87,0.603,8,good
5.24,19.35,11.62,2.8,0.526,8,good
6.61,8.51,8.59,3.14,0.769,8,good
7.43,14.84,14.89,3.75,0.361,8,good
5.97,7.57,12.66,2.97,0.406,8,good
4.96,13.75,10.0,2.96,0.315,8,good
5.06,16.3,12.1,3.38,0.517,8,good
6.48,18.99,8.77,3.71,0.439,8,good
3.02,8.6,14.76,3.8,0.735,8,good
6.1,15.88,9.22,3.05,0.602,8,good
4.78,6.05,12.54,2.91,0.607,8,good
6.97,19.82,9.72,4.12,0.566,8,good
3.46,1.49,13.02,3.16,0.346,8,good
5.94,12.47,13.44,3.99,0.523,8,good
5.4,13.53,12.71,4.01,0.8,8,good
6.21,14.07,12.3,3.88,0.718,8,good
3.32,3.29,14.25,3.04,0.747,8,good
5.9,18.83,8.55,3.95,0.712,8,good
5.81,4.44,10.32,3.88,0.352,7,good
5.8,12.83,9.74,3.64,0.414,8,good
6.02,5.23,14.92,3.27,0.302,8,good
6.38,6.84,10.73,3.17,0.452,8,good
7.02,11.38,13.13,2.97,0.354,8,good
4.35,8.93,12.79,3.51,0.536,8,good
7.13,4.04,9.48,3.62,0.639,8,good
5.49,4.25,9.67,3.3,0.737,7,good
3.39,8.94,9.97,3.47,0.675,8,good
3.29,15.39,10.88,3.31,0.769,8,good
4.67,18.06,9.64,3.7,0.327,8,good
6.92,2.6,8.14,4.06,0.306,5,bad
6.54,8.47,14.16,3.03,0.631,8,good
6.94,2.9,14.76,3.33,0.445,8,good
5.59,1.32,10.39,3.0,0.427,7,good
5.2,13.57,10.37,3.67,0.465,8,good
3.74,12.45,8.05,3.82,0.435,8,good
4.64,4.1,12.76,4.1,0.556,8,good
5.17,5.44,13.78,3.19,0.52,8,good
3.44,1.45,9.03,4.13,0.556,7,good
4.1,16.86,9.12,2.89,0.636,8,good
5.99,19.52,13.53,3.64,0.494,8,good
6.68,3.57,12.31,2.88,0.426,7,good
7.99,5.4,8.31,4.05,0.383,6,bad
7.67,17.5,12.36,3.54,0.475,8,good
6.21,18.6,10.16,3.74,0.671,8,good
5.11,8.97,10.58,3.96,0.678,8,good
6.18,1.96,13.39,3.01,0.633,8,good
6.93,1.75,13.68,2.85,0.417,8,good
3.59,11.91,10.8,4.03,0.594,8,good
5.05,8.47,14.63,3.24,0.585,8,good
7.2,1.54,10.85,2.98,0.542,7,good
4.92,12.08,13.4,3.46,0.575,8,good
5.86,1.21,11.39,3.64,0.546,8,good
5.94,15.96,14.28,2.84,0.583,8,good
3.92,6.82,14.35,3.18,0.658,8,good
4.81,1.76,8.61,2.85,0.355,7,good
4.67,12.18,14.56,3.39,0.675,8,good
3.13,8.56,13.78,4.05,0.368,8,good
3.12,19.5,13.54,4.18,0.333,8,good
7.16,11.34,9.41,3.69,0.788,8,good
4.37,6.23,13.64,3.03,0.778,8,good
5.59,14.48,13.95,4.07,0.33,8,good
4.49,6.16,10.02,3.52,0.522,8,good
7.7,18.18,14.67,3.02,0.393,8,good
4.3,8.12,8.35,4.09,0.543,8,good
5.15,11.45,9.05,3.86,0.715,8,good
7.36,1.96,11.76,3.82,0.775,6,bad
7.21,9.1,12.03,3.79,0.617,8,good
3.93,16.81,12.52,3.08,0.477,8,good
7.01,16.31,8.12,3.1,0.602,8,good
5.29,5.26,14.72,3.76,0.456,8,good
5.41,5.3,8.31,3.11,0.755,8,good
3.67,16.53,9.0,3.41,0.735,8,good
3.4,18.68,8.1,3.89,0.579,8,good
6.64,2.81,11.97,3.9,0.462,8,good
5.48,9.55,14.53,3.43,0.447,8,good
5.18,7.41,12.66,3.91,0.317,8,good
6.65,17.54,13.76,3.97,0.708,8,good
6.83,2.59,8.09,3.72,0.525,7,good
3.79,5.01,11.79,3.12,0.463,8,good
6.05,15.3,11.22,3.18,0.536,8,good
3.68,1.97,11.49,3.24,0.709,8,good
6.76,10.36,8.51,2.96,0.362,8,good
6.28,9.4,12.79,3.18,0.729,8,good
7.78,7.35,11.52,3.09,0.749,8,good
3.34,8.5,13.36,3.44,0.773,8,good
3.29,11.07,11.4,4.07,0.499,8,good
4.41,4.07,9.05,2.95,0.409,8,good
