Date,Temp_Max,Temp_Min,Humidity,WindSpeed,Precipitation,Pressure
2021-01-01,6.3,-3.0,69.3,11.5,0.0,987.8
2021-01-02,4.5,-14.1,52.0,7.7,0.0,989.0
2021-01-03,1.7,-9.1,54.0,6.8,0.0,1001.4
2021-01-04,4.6,-5.0,56.7,5.8,0.0,996.4
2021-01-05,6.7,-1.7,57.0,5.5,0.0,981.1
2021-01-06,0.2,-9.0,54.7,7.3,0.0,1017.7
2021-01-07,2.4,-2.7,60.5,4.4,0.0,994.2
2021-01-08,1.4,-5.7,50.3,22.5,0.0,1001.4
2021-01-09,0.0,-4.7,50.5,2.8,0.0,994.5
2021-01-10,4.6,-3.4,48.1,3.5,0.0,981.4
2021-01-11,11.4,3.9,48.3,11.8,0.0,989.9
2021-01-12,3.1,-4.6,53.7,7.7,0.0,986.8
2021-01-13,0.2,-6.6,52.1,4.1,0.0,987.2
2021-01-14,6.8,4.7,65.3,5.8,0.0,992.3
2021-01-15,6.7,-3.7,45.9,2.4,0.0,996.1
2021-01-16,4.2,-7.2,43.1,10.2,0.0,997.9
2021-01-17,3.7,-2.6,64.3,9.1,0.0,994.3
2021-01-18,1.5,-5.8,65.4,5.9,0.0,992.3
2021-01-19,6.7,-11.4,54.1,8.9,0.0,999.6
2021-01-20,3.1,-2.6,53.2,5.9,0.0,999.9
2021-01-21,3.6,2.6,57.2,8.2,0.0,1005.5
2021-01-22,3.1,-4.0,80.4,11.3,0.0,988.2
2021-01-23,2.5,-5.6,40.1,7.6,0.0,996.5
2021-01-24,5.2,-5.6,56.2,4.7,0.0,1003.7
2021-01-25,8.0,1.5,51.1,6.2,0.0,990.9
2021-01-26,3.4,-8.3,25.2,8.6,0.0,986.2
2021-01-27,2.0,1.0,43.1,6.0,0.0,986.8
2021-01-28,7.2,-2.4,56.0,10.1,0.0,998.8
2021-01-29,3.7,-9.7,50.6,2.8,0.0,993.5
2021-01-30,4.7,-1.8,45.3,7.4,0.0,996.0
2021-01-31,5.4,3.9,57.5,7.2,0.0,1001.8
2021-02-01,-0.4,-6.2,52.2,9.1,0.0,1005.0
2021-02-02,8.9,0.3,52.0,5.1,0.0,997.4
2021-02-03,12.1,-5.6,62.6,6.0,0.0,1001.8
2021-02-04,5.5,-0.6,47.6,9.7,0.0,980.0
2021-02-05,18.8,-0.8,55.9,19.3,0.0,993.9
2021-02-06,4.0,0.1,41.4,5.5,0.0,1006.5
2021-02-07,6.6,-1.4,44.7,8.6,0.0,999.5
2021-02-08,12.1,8.6,43.2,8.2,0.0,998.8
2021-02-09,9.3,1.0,41.7,6.9,0.0,985.1
2021-02-10,13.0,0.4,32.5,9.0,5.0,994.9
2021-02-11,12.0,-9.6,31.0,13.7,0.0,995.3
2021-02-12,11.6,-4.0,47.4,15.0,2.0,985.4
2021-02-13,11.1,-2.4,56.9,9.8,0.0,982.1
2021-02-14,14.8,0.6,29.7,10.8,0.0,989.8
2021-02-15,9.5,-2.5,47.6,10.4,0.0,987.5
2021-02-16,6.7,-5.2,60.6,4.2,3.9,1003.6
2021-02-17,4.0,1.8,63.4,8.7,2.0,1003.1
2021-02-18,9.9,4.7,51.6,8.4,0.0,984.8
2021-02-19,9.6,8.2,44.2,8.1,12.8,992.4
2021-02-20,12.6,5.0,56.7,6.7,0.0,1000.5
2021-02-21,11.1,-0.5,33.2,6.7,0.0,1006.6
2021-02-22,9.6,3.2,53.3,4.5,0.0,1006.0
2021-02-23,4.4,1.4,40.5,13.2,0.0,997.3
2021-02-24,8.8,5.1,71.4,10.2,0.0,1000.3
2021-02-25,10.2,5.7,57.7,10.0,9.2,996.3
2021-02-26,13.2,9.6,33.3,8.9,0.0,994.6
2021-02-27,14.5,-1.5,42.8,5.5,1.0,996.4
2021-02-28,7.9,0.4,41.4,9.7,0.0,989.5
2021-03-01,15.2,13.0,61.0,8.1,0.0,1005.0
2021-03-02,9.6,7.0,54.7,8.0,0.1,1018.6
2021-03-03,16.1,3.8,40.9,8.1,0.0,992.0
2021-03-04,10.5,5.8,39.1,5.4,0.0,990.2
2021-03-05,11.2,5.2,38.6,4.9,0.0,999.5
2021-03-06,18.3,4.7,54.6,16.1,0.0,1000.3
2021-03-07,21.6,7.4,59.2,3.8,13.6,1002.0
2021-03-08,11.6,10.6,41.1,3.8,0.0,987.9
2021-03-09,10.9,4.5,60.4,10.9,0.0,995.6
2021-03-10,17.1,0.2,46.8,3.9,0.0,1002.1
2021-03-11,13.5,12.5,42.7,7.7,0.0,987.4
2021-03-12,17.2,9.4,52.1,7.4,0.0,994.2
2021-03-13,17.1,7.4,65.7,13.1,0.0,996.8
2021-03-14,19.7,6.4,48.1,8.3,0.0,983.1
2021-03-15,17.9,15.3,60.9,6.3,0.0,999.7
2021-03-16,12.7,7.7,51.4,8.4,0.0,1003.5
2021-03-17,16.7,7.1,39.6,8.4,0.0,1007.7
2021-03-18,15.3,12.0,27.0,13.3,0.0,1003.1
2021-03-19,23.5,13.7,36.7,6.0,1.1,1000.1
2021-03-20,17.0,16.0,40.1,11.1,0.0,1004.1
2021-03-21,20.0,5.9,51.4,5.2,0.0,1001.8
2021-03-22,14.6,10.0,46.9,8.7,0.0,1003.4
2021-03-23,18.9,6.0,52.6,5.4,0.0,1003.3
2021-03-24,23.1,13.6,32.3,4.7,0.0,997.7
2021-03-25,18.3,9.8,44.4,12.7,3.9,1017.9
2021-03-26,19.7,12.9,52.6,14.3,0.0,1003.7
2021-03-27,21.2,13.3,30.8,10.9,0.0,993.4
2021-03-28,17.3,10.7,43.2,8.6,2.7,998.1
2021-03-29,16.9,15.9,36.8,5.7,0.0,1012.3
2021-03-30,15.7,7.9,54.6,7.5,18.6,1000.0
2021-03-31,27.2,7.6,47.4,11.8,0.0,998.5
2021-04-01,21.8,14.5,30.8,4.7,0.0,1002.2
2021-04-02,23.3,17.6,51.4,9.7,0.3,999.7
2021-04-03,16.7,9.3,43.1,9.3,0.0,1010.1
2021-04-04,19.1,7.7,45.5,10.9,0.0,1005.6
2021-04-05,16.3,7.4,39.7,6.1,0.4,995.8
2021-04-06,24.5,11.8,45.1,6.4,0.0,1007.8
2021-04-07,24.5,13.8,29.7,3.2,0.0,1014.9
2021-04-08,30.0,17.6,27.9,6.1,6.1,1004.8
2021-04-09,17.7,15.6,47.5,10.3,0.0,998.6
2021-04-10,34.8,13.2,56.0,5.7,0.0,1006.8
2021-04-11,27.5,18.3,20.3,11.1,0.0,991.0
2021-04-12,27.6,6.1,29.9,4.4,7.0,995.2
2021-04-13,25.6,9.7,42.2,10.4,0.0,994.8
2021-04-14,18.2,16.6,50.7,10.2,0.8,1001.4
2021-04-15,21.6,18.3,43.0,11.4,0.0,1003.4
2021-04-16,25.0,14.7,59.3,11.0,0.0,999.4
2021-04-17,19.2,17.1,49.1,4.6,0.1,1015.6
2021-04-18,25.6,10.0,50.3,5.1,0.0,1001.8
2021-04-19,24.8,20.5,37.1,3.5,0.0,992.7
2021-04-20,22.6,15.8,32.5,7.0,0.0,1016.3
2021-04-21,26.9,18.1,17.2,7.4,0.0,1013.2
2021-04-22,22.3,21.0,51.0,9.7,2.8,1012.9
2021-04-23,29.9,17.1,24.5,8.8,2.2,994.2
2021-04-24,21.7,17.1,50.2,6.9,1.3,998.4
2021-04-25,27.0,19.3,59.3,9.6,0.0,1011.3
2021-04-26,23.7,16.6,66.9,4.7,0.0,1009.3
2021-04-27,28.3,22.2,31.9,4.8,0.0,1009.1
2021-04-28,29.3,22.7,53.7,11.4,0.0,1021.5
2021-04-29,34.2,21.5,55.6,2.2,0.0,1012.2
2021-04-30,24.6,21.0,33.2,8.1,0.0,1016.1
2021-05-01,34.0,21.6,35.0,3.9,4.9,1023.1
2021-05-02,27.0,17.8,45.2,19.5,11.1,1011.5
2021-05-03,33.8,21.4,53.6,8.7,0.0,998.3
2021-05-04,28.7,17.3,61.3,8.8,12.6,1017.1
2021-05-05,28.9,24.0,57.0,11.2,0.0,1013.9
2021-05-06,35.7,17.5,39.9,4.1,20.4,1005.6
2021-05-07,34.0,23.5,54.9,15.0,0.0,1024.6
2021-05-08,29.2,25.3,42.6,12.4,0.0,1010.9
2021-05-09,29.0,20.6,35.8,5.0,7.0,1011.7
2021-05-10,27.9,21.6,60.0,8.4,0.0,1018.2
2021-05-11,40.2,21.1,60.0,10.1,0.0,1001.4
2021-05-12,32.9,19.4,60.8,9.9,0.0,1015.4
2021-05-13,32.0,20.7,60.0,5.7,0.0,1012.4
2021-05-14,28.7,15.3,52.6,10.8,0.0,1011.5
2021-05-15,29.9,23.7,57.3,5.2,0.2,1016.5
2021-05-16,33.4,18.2,45.2,10.9,0.0,1019.3
2021-05-17,30.6,15.9,61.9,3.0,0.0,1022.6
2021-05-18,23.3,22.3,48.0,8.6,1.3,1021.6
2021-05-19,27.3,22.5,37.3,3.6,8.4,1020.3
2021-05-20,35.8,25.6,56.7,11.7,0.0,1016.7
2021-05-21,29.7,20.5,41.1,3.2,2.8,1017.9
2021-05-22,29.6,28.6,62.0,5.3,0.0,1009.1
2021-05-23,37.9,17.9,27.2,11.1,0.0,1008.7
2021-05-24,29.7,24.1,31.4,7.9,2.5,1024.2
2021-05-25,33.7,15.2,42.0,13.7,0.0,1023.9
2021-05-26,34.8,28.9,41.9,9.5,4.4,1037.6
2021-05-27,36.8,22.7,57.4,9.2,5.1,1016.5
2021-05-28,34.8,23.2,55.9,10.4,0.0,1023.1
2021-05-29,38.2,20.5,73.6,8.8,0.0,1023.2
2021-05-30,32.1,24.5,38.3,6.8,0.0,1030.0
2021-05-31,28.2,27.2,52.8,12.6,0.0,1023.6
2021-06-01,40.5,27.7,50.0,8.0,0.0,1021.7
2021-06-02,38.5,19.7,55.1,13.7,0.0,1033.6
2021-06-03,35.5,22.9,48.9,18.3,0.0,1021.6
2021-06-04,23.2,22.2,66.8,11.2,9.6,1035.7
2021-06-05,32.3,24.7,48.3,5.1,0.0,1015.7
2021-06-06,27.8,22.1,35.4,11.3,6.1,1029.4
2021-06-07,34.4,21.7,47.9,11.3,0.3,1018.6
2021-06-08,31.7,26.9,80.4,8.1,1.4,1030.6
2021-06-09,38.9,26.4,41.3,6.7,4.6,1022.0
2021-06-10,33.1,19.4,49.2,8.4,0.8,1025.9
2021-06-11,29.3,27.9,59.4,7.2,6.2,1018.7
2021-06-12,32.1,23.5,73.8,6.7,5.0,1025.9
2021-06-13,31.7,22.0,59.8,14.2,0.0,1026.7
2021-06-14,34.7,21.7,30.6,9.4,0.0,1018.2
2021-06-15,34.0,22.2,69.5,7.5,0.0,1027.4
2021-06-16,30.6,16.5,61.9,15.3,0.3,1028.0
2021-06-17,33.9,20.5,73.0,5.9,,1028.6
2021-06-18,29.8,25.2,46.2,7.3,7.0,1018.2
2021-06-19,33.4,28.4,55.2,4.2,0.0,1022.6
2021-06-20,35.8,24.7,63.5,11.0,0.0,1020.1
2021-06-21,41.5,29.2,57.6,13.8,0.0,1038.8
2021-06-22,35.0,31.1,42.7,6.3,0.0,1038.9
2021-06-23,30.6,22.3,55.8,11.2,0.0,1039.2
2021-06-24,35.1,19.2,51.9,8.0,0.0,1030.4
2021-06-25,36.2,21.5,47.1,8.1,0.0,1039.7
2021-06-26,33.4,26.0,56.7,2.9,3.0,1039.0
2021-06-27,33.0,23.6,60.6,5.5,0.0,1033.0
2021-06-28,29.0,27.5,47.0,9.5,0.0,1030.2
2021-06-29,30.2,25.8,42.4,10.8,0.0,1026.4
2021-06-30,23.2,22.2,69.8,5.9,0.0,1024.3
2021-07-01,27.9,24.9,74.3,13.4,0.0,1029.5
2021-07-02,35.0,27.8,61.9,8.2,0.4,1033.9
2021-07-03,35.0,18.4,59.7,10.8,0.0,1016.0
2021-07-04,39.5,21.2,61.9,15.8,0.0,1036.4
2021-07-05,32.8,25.1,63.7,7.0,3.9,1039.0
2021-07-06,28.4,23.0,63.4,11.0,0.0,1043.7
2021-07-07,35.7,24.3,67.3,19.7,0.3,1038.4
2021-07-08,36.3,23.4,62.4,7.3,0.0,1038.1
2021-07-09,42.5,25.6,60.5,7.5,3.1,1014.6
2021-07-10,37.2,21.5,71.3,10.7,0.0,1024.0
2021-07-11,34.1,22.4,57.4,4.0,3.2,1018.1
2021-07-12,34.9,31.2,53.5,7.0,0.0,1043.4
2021-07-13,36.4,21.7,52.3,7.5,1.7,1037.2
2021-07-14,27.4,22.3,78.5,6.2,7.6,1030.9
2021-07-15,25.7,21.9,44.3,9.0,4.6,1033.8
2021-07-16,35.2,13.0,80.1,5.0,0.0,1043.1
2021-07-17,31.8,25.3,59.0,11.5,0.0,1027.6
2021-07-18,27.9,25.1,67.9,11.5,0.0,1035.0
2021-07-19,30.7,29.7,52.1,8.1,0.0,1033.6
2021-07-20,29.8,21.6,58.6,5.7,0.0,1052.3
2021-07-21,28.8,19.1,64.4,24.7,0.0,1028.2
2021-07-22,35.1,24.6,72.0,9.8,,1026.5
2021-07-23,30.5,26.0,61.7,11.4,,1024.2
2021-07-24,29.0,22.8,64.0,8.2,0.0,1038.2
2021-07-25,31.5,22.7,68.7,6.0,0.0,1030.7
2021-07-26,32.0,17.2,61.0,6.0,0.7,1036.1
2021-07-27,32.0,24.1,59.4,13.0,0.0,1038.4
2021-07-28,23.1,19.4,64.5,4.7,7.8,1032.8
2021-07-29,30.1,22.1,59.2,6.0,0.0,1030.5
2021-07-30,34.0,25.7,78.2,14.0,2.5,1036.2
2021-07-31,29.3,21.3,89.1,5.6,0.0,1029.3
2021-08-01,32.8,23.1,79.2,6.1,0.0,1028.6
2021-08-02,33.5,21.3,77.6,10.4,0.0,1042.9
2021-08-03,29.0,20.0,76.3,11.5,0.0,1045.4
2021-08-04,28.9,20.1,76.2,8.1,0.0,1040.5
2021-08-05,35.9,22.6,60.8,8.8,1.8,1035.8
2021-08-06,29.2,19.4,79.4,5.0,0.0,1030.1
2021-08-07,27.6,19.2,85.4,5.9,0.0,1035.8
2021-08-08,36.0,19.3,73.6,7.5,0.0,1034.2
2021-08-09,36.9,21.8,72.0,14.5,0.0,1019.1
2021-08-10,25.8,19.5,61.0,7.2,2.7,1036.5
2021-08-11,31.2,17.7,57.7,11.3,1.4,1028.6
2021-08-12,30.8,19.1,78.0,6.0,0.0,1044.8
2021-08-13,26.8,21.2,62.1,9.8,0.7,1035.6
2021-08-14,28.4,17.7,76.9,8.2,0.4,1029.9
2021-08-15,19.3,18.3,68.2,8.2,0.0,1045.6
2021-08-16,24.0,20.4,78.4,7.5,0.0,1025.1
2021-08-17,20.4,19.4,75.1,4.2,0.0,1041.9
2021-08-18,24.5,18.2,66.6,4.8,0.0,1035.1
2021-08-19,26.8,15.9,54.0,6.7,0.0,1036.7
2021-08-20,27.7,14.7,59.4,4.3,0.0,1020.2
2021-08-21,28.0,22.2,69.0,11.0,0.6,1026.8
2021-08-22,22.9,17.6,60.0,10.8,0.0,1027.4
2021-08-23,27.4,16.0,73.7,13.0,1.7,1036.9
2021-08-24,28.2,19.0,81.5,6.9,0.0,1034.0
2021-08-25,30.2,12.5,83.8,11.5,0.0,1043.2
2021-08-26,29.5,21.4,69.2,8.7,0.0,1034.1
2021-08-27,24.9,15.4,80.7,15.6,0.0,1019.9
2021-08-28,27.5,12.2,72.2,6.8,1.3,1034.6
2021-08-29,24.2,19.3,69.5,5.7,0.0,1034.8
2021-08-30,22.7,20.4,72.9,4.7,23.2,1020.0
2021-08-31,22.4,12.6,87.4,7.5,,1030.7
2021-09-01,24.9,17.7,73.0,7.1,0.0,1032.1
2021-09-02,27.7,10.7,83.3,5.2,3.1,1024.8
2021-09-03,22.9,13.9,83.8,6.4,0.0,1037.6
2021-09-04,17.7,16.1,64.6,12.0,0.0,1041.3
2021-09-05,20.2,19.2,74.9,6.7,0.0,1037.4
2021-09-06,16.9,15.4,62.0,7.2,0.0,1033.0
2021-09-07,24.9,2.8,92.0,11.8,,1015.5
2021-09-08,27.8,17.5,77.6,9.8,0.0,1031.3
2021-09-09,23.1,14.2,61.9,5.7,0.0,1037.9
2021-09-10,24.6,9.6,85.8,2.4,1.8,1030.7
2021-09-11,21.7,14.7,90.6,7.5,0.0,1029.4
2021-09-12,18.8,15.0,60.3,4.5,0.0,1016.1
2021-09-13,21.6,12.6,83.3,4.9,0.0,1043.0
2021-09-14,18.4,13.0,69.3,3.4,0.0,1031.3
2021-09-15,22.0,4.9,81.8,10.0,0.0,1032.2
2021-09-16,23.6,6.7,68.8,13.2,0.0,1015.7
2021-09-17,19.8,11.5,74.3,7.9,0.0,1014.5
2021-09-18,19.1,11.1,69.8,9.3,0.0,1012.8
2021-09-19,16.1,11.1,69.0,5.8,0.0,1013.9
2021-09-20,21.0,7.7,72.5,7.0,0.0,1022.6
2021-09-21,20.5,11.6,92.8,6.2,0.0,1014.9
2021-09-22,30.4,9.2,68.7,5.9,6.0,1019.6
2021-09-23,17.9,2.4,76.6,4.9,0.0,1022.2
2021-09-24,20.1,3.9,81.5,7.5,1.5,1026.0
2021-09-25,23.3,13.6,87.1,7.0,0.0,1024.0
2021-09-26,12.8,10.3,71.7,8.6,0.0,1030.2
2021-09-27,16.5,8.8,58.9,7.0,11.6,1032.3
2021-09-28,11.9,8.2,75.4,6.0,0.0,1026.9
2021-09-29,24.4,9.8,74.1,4.9,1.0,1017.1
2021-09-30,17.9,3.9,69.3,6.8,13.9,1002.5
2021-10-01,15.9,0.8,73.6,5.9,0.0,1015.4
2021-10-02,20.7,6.8,85.7,10.6,0.0,1030.2
2021-10-03,16.2,7.7,81.6,4.4,0.0,1024.8
2021-10-04,13.9,7.9,70.7,6.2,0.0,1017.1
2021-10-05,19.1,11.3,81.0,6.5,0.0,1014.1
2021-10-06,18.9,6.1,71.8,4.7,0.0,1020.7
2021-10-07,14.3,-1.3,69.6,6.9,0.0,1021.2
2021-10-08,14.1,12.6,78.1,8.9,0.0,1023.3
2021-10-09,7.7,6.7,63.9,16.1,0.0,1019.7
2021-10-10,13.6,6.0,67.1,5.9,0.0,1015.8
2021-10-11,5.1,4.1,85.7,9.2,0.0,1021.9
2021-10-12,17.9,2.3,54.3,7.4,0.8,1026.7
2021-10-13,11.8,1.1,75.3,5.4,0.0,1025.0
2021-10-14,9.4,4.7,75.9,6.3,0.0,1006.8
2021-10-15,11.7,4.8,78.6,8.2,0.0,1026.2
2021-10-16,12.8,1.3,59.0,6.0,0.0,1015.4
2021-10-17,7.7,6.7,69.6,4.8,0.0,1013.3
2021-10-18,19.0,-2.3,87.0,7.3,0.0,1016.8
2021-10-19,10.5,1.5,72.4,6.7,0.9,1006.4
2021-10-20,13.2,-2.2,75.4,7.3,0.0,1014.5
2021-10-21,11.4,-0.9,69.1,6.7,,1005.2
2021-10-22,18.2,1.1,86.2,6.3,0.0,1016.6
2021-10-23,13.6,3.9,89.0,5.5,0.0,1013.0
2021-10-24,10.4,5.6,61.4,7.4,0.0,1007.3
2021-10-25,14.3,8.2,73.0,8.9,0.0,1023.0
2021-10-26,9.4,8.0,72.9,8.6,0.0,1004.8
2021-10-27,9.2,-0.2,85.0,9.8,0.0,1003.1
2021-10-28,11.7,5.7,77.4,9.8,0.0,1002.1
2021-10-29,12.0,-1.8,58.5,6.0,0.0,993.7
2021-10-30,8.6,2.5,96.7,4.9,0.0,1013.7
2021-10-31,8.3,-9.1,79.0,5.9,0.0,1021.8
2021-11-01,4.9,-7.7,84.3,8.3,,1006.0
2021-11-02,7.3,-0.2,57.9,7.4,0.0,1016.1
2021-11-03,7.6,-3.5,77.6,7.7,0.0,1018.2
2021-11-04,5.2,4.2,89.3,8.4,0.0,1015.7
2021-11-05,10.3,-11.2,63.6,4.5,0.0,1006.3
2021-11-06,12.0,-9.7,77.7,3.0,0.0,1024.6
2021-11-07,4.7,-4.2,79.8,5.7,,999.5
2021-11-08,5.6,-2.2,62.6,6.5,0.0,1015.4
2021-11-09,9.0,-5.3,71.4,5.6,0.0,1001.4
2021-11-10,11.3,-11.6,65.5,5.7,0.0,1005.1
2021-11-11,0.4,-4.4,84.9,15.7,0.0,1018.2
2021-11-12,10.7,-5.4,57.8,8.3,0.0,1010.0
2021-11-13,6.6,1.4,31.4,10.3,0.0,1011.4
2021-11-14,7.8,-6.3,58.3,3.2,0.0,1009.8
2021-11-15,13.0,-1.0,68.8,5.9,0.0,1000.6
2021-11-16,7.3,-1.9,58.7,10.6,0.0,1008.3
2021-11-17,11.4,-1.1,78.8,9.5,0.0,991.9
2021-11-18,7.3,-4.6,87.9,6.4,0.0,1006.3
2021-11-19,6.0,-10.6,55.5,6.7,0.0,1006.1
2021-11-20,4.4,-2.5,74.8,7.8,0.0,1008.4
2021-11-21,0.3,-2.7,65.9,6.4,0.0,1012.5
2021-11-22,3.8,2.8,83.6,4.1,0.0,1001.0
2021-11-23,4.6,-3.4,68.6,3.2,,1001.0
2021-11-24,8.6,-3.1,59.1,11.2,0.0,1019.7
2021-11-25,4.9,-2.8,45.3,9.7,0.0,1021.0
2021-11-26,3.7,-2.3,84.1,9.5,0.0,1003.1
2021-11-27,-5.0,-6.2,89.5,9.8,0.0,1014.6
2021-11-28,9.0,-5.2,68.1,7.2,0.0,1014.7
2021-11-29,5.6,-8.9,62.8,10.7,0.0,1015.3
2021-11-30,-3.4,-6.2,66.5,12.3,0.0,1000.3
2021-12-01,-3.0,-10.7,50.7,10.0,0.0,1011.1
2021-12-02,2.8,-12.1,78.3,5.0,0.0,995.1
2021-12-03,8.7,-3.2,62.5,7.0,0.0,1002.4
2021-12-04,0.1,-1.1,55.5,7.2,0.0,1002.5
2021-12-05,9.6,-9.7,69.5,6.2,0.0,996.1
2021-12-06,4.2,-13.3,73.5,6.0,0.0,996.6
2021-12-07,0.4,-5.3,68.1,5.1,0.0,1004.4
2021-12-08,4.7,-5.2,87.7,4.8,0.0,1004.2
2021-12-09,8.8,-9.1,61.7,4.5,0.0,1007.5
2021-12-10,9.8,-1.2,73.3,9.9,0.0,1007.0
2021-12-11,-2.3,-7.4,73.2,9.7,0.0,1008.0
2021-12-12,-0.0,-1.6,46.4,3.4,0.0,990.6
2021-12-13,7.1,-3.8,60.5,7.0,0.0,1010.5
2021-12-14,7.3,-6.4,85.1,4.5,0.0,993.5
2021-12-15,5.7,-3.9,73.2,6.9,0.0,1002.7
2021-12-16,6.4,-1.8,49.9,4.9,0.0,988.9
2021-12-17,6.7,-3.3,65.2,6.9,0.0,1000.0
2021-12-18,2.9,-5.0,59.4,8.9,0.0,993.6
2021-12-19,-5.8,-7.8,55.1,5.6,0.0,997.9
2021-12-20,-2.5,-3.5,68.0,8.0,0.0,1010.6
2021-12-21,6.5,-5.6,55.5,4.6,0.0,999.1
2021-12-22,3.5,-6.8,60.0,4.9,0.0,1011.5
2021-12-23,4.9,-7.6,74.6,6.4,0.0,1002.1
2021-12-24,4.6,-8.6,52.2,7.7,0.0,989.3
2021-12-25,1.8,-3.7,51.5,5.7,0.0,1015.8
2021-12-26,3.3,-3.8,69.1,5.3,0.0,1003.6
2021-12-27,-2.7,-3.7,57.1,5.0,0.0,988.8
2021-12-28,-4.4,-6.0,52.2,10.0,0.0,992.8
2021-12-29,-8.3,-9.3,50.7,9.6,0.0,990.9
2021-12-30,11.9,-3.7,72.2,8.2,0.0,991.6
2021-12-31,0.3,-0.7,55.8,9.5,0.0,990.7
2022-01-01,1.9,0.9,52.6,9.0,0.0,982.2
2022-01-02,1.9,-7.5,39.4,4.6,0.0,1012.6
2022-01-03,1.6,-7.6,59.9,11.5,0.0,997.7
2022-01-04,-5.5,-6.5,66.4,3.0,0.0,994.6
2022-01-05,-2.8,-3.8,60.1,4.5,0.0,993.9
2022-01-06,3.4,2.4,56.1,13.4,0.0,990.7
2022-01-07,6.3,-2.5,56.2,7.5,0.0,997.4
2022-01-08,3.0,-3.3,63.8,4.4,0.0,1020.6
2022-01-09,6.8,1.8,51.8,10.5,0.0,1012.9
2022-01-10,2.2,0.4,58.3,2.2,0.0,996.4
2022-01-11,3.0,-1.4,53.2,6.1,0.0,1001.2
2022-01-12,4.7,-5.9,58.4,8.1,0.0,1001.1
2022-01-13,8.2,-5.3,51.0,3.5,0.0,981.2
2022-01-14,2.7,-11.2,46.1,4.3,0.0,987.7
2022-01-15,4.4,-8.5,51.0,9.7,0.0,997.8
2022-01-16,-3.3,-7.4,57.0,7.0,0.0,994.0
2022-01-17,3.1,-6.6,70.4,6.3,0.0,994.4
2022-01-18,3.1,-3.4,47.8,5.6,0.0,1011.5
2022-01-19,9.4,1.1,59.2,15.0,0.0,987.7
2022-01-20,4.2,-6.3,57.7,4.7,0.0,996.4
2022-01-21,10.9,2.0,46.7,11.4,0.0,983.5
2022-01-22,4.3,-5.3,39.5,7.1,0.0,992.7
2022-01-23,7.5,5.7,63.8,6.0,0.0,993.7
2022-01-24,8.8,-8.3,42.4,6.9,0.0,978.3
2022-01-25,2.5,1.5,46.9,7.8,0.0,984.6
2022-01-26,9.0,-8.9,60.6,14.5,0.0,978.4
2022-01-27,8.8,-5.2,60.7,4.3,0.0,985.5
2022-01-28,6.2,5.2,39.6,3.2,0.0,999.0
2022-01-29,-0.1,-1.1,33.8,4.7,0.0,1001.0
2022-01-30,5.0,-3.5,62.1,6.2,0.0,987.7
2022-01-31,9.1,1.8,38.5,9.4,0.0,989.5
2022-02-01,11.2,0.4,58.1,6.7,0.0,1000.8
2022-02-02,8.7,-1.2,35.6,4.1,0.0,990.1
2022-02-03,4.1,-3.6,55.8,5.0,0.0,1003.0
2022-02-04,9.2,7.1,47.9,8.8,3.0,988.1
2022-02-05,4.5,-5.4,32.2,13.5,0.0,997.8
2022-02-06,6.2,-1.6,47.5,5.4,0.0,1002.7
2022-02-07,11.4,0.3,52.2,6.0,0.0,1000.9
2022-02-08,9.3,-1.8,70.3,7.6,0.0,986.1
2022-02-09,4.6,-0.8,53.6,9.6,6.1,981.5
2022-02-10,3.6,0.9,49.3,4.9,2.0,991.6
2022-02-11,13.6,-8.7,59.1,11.3,0.0,1002.7
2022-02-12,12.1,-0.4,60.7,5.6,0.0,1003.5
2022-02-13,12.9,1.8,42.0,5.4,0.0,987.2
2022-02-14,8.7,4.9,53.6,9.4,0.0,989.1
2022-02-15,5.0,1.5,51.9,8.9,0.0,996.8
2022-02-16,13.8,-1.1,45.2,7.5,0.0,998.1
2022-02-17,8.6,4.3,62.2,10.6,0.0,1002.1
2022-02-18,8.2,5.9,53.5,4.4,0.0,977.8
2022-02-19,14.3,-1.9,38.7,8.9,0.0,1012.0
2022-02-20,9.4,-1.0,30.5,4.8,0.0,1005.0
2022-02-21,17.5,-1.9,64.6,8.2,0.0,999.1
2022-02-22,13.7,2.6,65.7,6.4,0.0,1007.0
2022-02-23,6.3,1.5,57.8,22.5,,995.5
2022-02-24,13.4,7.8,39.5,7.7,1.9,986.4
2022-02-25,11.4,8.1,42.2,6.3,0.0,990.3
2022-02-26,12.1,5.8,49.9,9.1,4.0,993.6
2022-02-27,9.0,7.4,35.3,8.5,0.0,997.7
2022-02-28,12.8,11.3,47.2,5.8,0.2,983.5
2022-03-01,6.1,5.1,31.7,10.5,0.0,987.2
2022-03-02,16.1,7.3,35.9,5.3,0.0,1001.3
2022-03-03,15.5,-0.9,33.6,6.6,0.0,1002.8
2022-03-04,10.5,8.4,50.1,5.9,0.0,991.8
2022-03-05,19.5,8.8,43.5,7.8,0.0,1008.4
2022-03-06,14.1,2.6,33.6,9.9,0.0,999.5
2022-03-07,15.3,5.9,41.4,7.5,0.0,997.8
2022-03-08,17.3,7.2,33.3,10.4,0.0,983.7
2022-03-09,11.7,5.2,43.7,10.5,0.0,1012.2
2022-03-10,11.6,-0.3,43.0,10.1,0.0,998.6
2022-03-11,15.6,4.3,54.2,7.5,0.0,1006.5
2022-03-12,17.7,16.6,31.8,8.8,0.0,1008.2
2022-03-13,24.8,5.7,43.6,11.6,6.7,1007.2
2022-03-14,18.1,10.9,71.5,6.5,0.0,999.1
2022-03-15,14.7,6.7,56.7,7.7,0.0,995.5
2022-03-16,25.2,7.7,37.1,5.2,0.0,982.5
2022-03-17,22.2,13.9,58.1,8.4,,1010.4
2022-03-18,14.6,13.6,42.7,9.0,8.8,999.3
2022-03-19,14.2,9.3,53.1,7.4,0.0,991.0
2022-03-20,18.7,10.4,50.6,4.9,0.0,1010.2
2022-03-21,11.8,10.8,47.9,9.0,0.0,1003.7
2022-03-22,15.9,8.6,30.2,5.0,0.0,987.4
2022-03-23,23.5,2.5,45.7,6.3,0.0,1010.7
2022-03-24,25.3,12.0,55.3,8.1,,1009.9
2022-03-25,18.3,14.8,42.4,10.6,0.0,1001.6
2022-03-26,19.7,11.0,47.3,13.3,0.0,998.5
2022-03-27,14.4,13.4,44.0,7.9,0.0,1001.2
2022-03-28,26.1,14.2,56.1,5.5,0.0,1015.6
2022-03-29,18.6,15.3,35.0,6.3,0.0,1000.9
2022-03-30,23.9,19.1,49.1,6.2,1.0,1008.2
2022-03-31,18.4,13.7,46.2,6.2,0.0,1010.8
2022-04-01,25.2,16.0,52.2,6.1,0.0,987.9
2022-04-02,24.1,16.5,37.6,13.8,1.6,1004.5
2022-04-03,16.7,15.7,29.3,9.4,9.2,996.5
2022-04-04,18.3,12.3,42.2,11.8,0.0,1001.5
2022-04-05,22.8,14.5,34.4,8.3,7.6,999.5
2022-04-06,21.7,20.7,27.5,4.6,0.0,999.3
2022-04-07,20.5,14.7,48.2,5.8,0.0,999.5
2022-04-08,17.9,16.0,32.2,7.1,0.0,997.5
2022-04-09,15.7,12.6,60.5,13.1,6.1,1013.0
2022-04-10,28.4,16.6,50.4,13.2,0.3,1005.9
2022-04-11,26.8,14.4,53.7,13.6,0.2,985.0
2022-04-12,18.4,17.4,52.6,8.3,4.3,1015.2
2022-04-13,16.8,15.8,54.1,7.5,2.9,1003.6
2022-04-14,26.4,9.3,42.2,8.6,0.0,1013.3
2022-04-15,22.0,11.2,10.0,3.4,0.0,1012.5
2022-04-16,28.2,22.7,42.4,15.6,1.1,1014.2
2022-04-17,25.9,9.8,36.9,9.9,0.0,1007.3
2022-04-18,26.3,20.1,39.4,10.9,0.0,1013.9
2022-04-19,22.7,17.9,59.7,8.7,0.0,1016.8
2022-04-20,22.5,19.3,39.8,2.8,0.0,1011.2
2022-04-21,21.8,15.9,55.5,6.8,0.0,1000.6
2022-04-22,21.5,17.0,29.0,12.3,10.1,1017.9
2022-04-23,33.2,25.4,36.5,7.1,1.0,1007.1
2022-04-24,22.8,18.8,36.4,11.4,0.0,1009.5
2022-04-25,25.8,18.2,43.6,9.6,0.0,1005.4
2022-04-26,26.0,22.7,63.2,7.5,0.0,1005.1
2022-04-27,24.0,23.0,43.6,14.3,6.8,1009.5
2022-04-28,28.9,18.1,57.2,5.0,0.0,1001.2
2022-04-29,34.0,19.0,35.1,4.6,0.0,1007.1
2022-04-30,30.0,21.1,38.0,7.3,7.1,1012.7
2022-05-01,32.1,16.9,40.1,7.2,13.5,1019.8
2022-05-02,28.2,20.3,40.1,19.0,1.4,1015.8
2022-05-03,23.5,22.5,55.1,8.1,2.7,1004.8
2022-05-04,19.1,8.3,41.5,6.9,9.9,1005.1
2022-05-05,28.8,14.2,35.4,8.7,6.5,1025.2
2022-05-06,24.8,15.2,58.4,5.3,1.9,1016.9
2022-05-07,35.2,22.6,51.9,8.9,0.0,1011.0
2022-05-08,33.8,19.4,30.6,4.5,0.0,1031.6
2022-05-09,29.8,21.8,45.4,5.6,0.0,1025.0
2022-05-10,19.6,18.6,52.5,7.8,0.4,1009.3
2022-05-11,26.0,22.8,39.7,8.8,0.0,1021.3
2022-05-12,21.5,20.5,46.4,8.6,0.0,1021.3
2022-05-13,25.9,22.1,32.5,7.5,0.0,1026.8
2022-05-14,38.5,26.5,59.0,9.6,0.0,1008.7
2022-05-15,33.6,28.0,58.0,8.0,0.0,1015.6
2022-05-16,26.5,15.0,55.9,12.6,0.0,1031.3
2022-05-17,31.3,22.9,59.1,16.7,0.0,1006.0
2022-05-18,36.0,17.2,40.0,5.3,2.7,1018.5
2022-05-19,31.2,24.7,48.4,7.8,,999.9
2022-05-20,34.2,25.9,56.7,8.5,0.0,1021.9
2022-05-21,30.9,17.2,50.1,9.0,1.9,1017.9
2022-05-22,27.3,22.6,31.5,9.9,0.0,1029.5
2022-05-23,33.6,21.6,60.1,7.8,0.6,1015.4
2022-05-24,33.1,14.7,39.4,6.5,0.0,1028.1
2022-05-25,27.0,23.1,52.1,5.9,0.8,1023.0
2022-05-26,29.1,22.9,43.1,5.3,0.0,1024.6
2022-05-27,37.2,27.1,27.9,7.3,0.0,1024.8
2022-05-28,31.6,19.5,52.2,8.0,4.9,1023.4
2022-05-29,33.3,27.8,40.1,8.9,20.7,1021.7
2022-05-30,40.0,17.5,45.6,6.8,2.6,1037.0
2022-05-31,23.0,22.0,61.3,6.4,8.8,1034.4
2022-06-01,21.0,20.0,60.9,4.7,1.0,1020.4
2022-06-02,31.1,18.9,46.7,7.2,4.7,1036.1
2022-06-03,26.2,20.7,51.0,10.7,1.6,1025.2
2022-06-04,33.2,24.8,38.7,14.0,0.0,1038.0
2022-06-05,34.4,27.4,45.9,4.1,0.0,1016.5
2022-06-06,31.1,24.7,58.9,9.1,0.0,1019.2
2022-06-07,31.0,18.9,53.8,4.2,14.3,1029.2
2022-06-08,33.5,27.4,48.7,12.1,0.0,1028.7
2022-06-09,33.0,26.4,75.4,6.4,2.3,1020.0
2022-06-10,33.3,28.0,71.2,13.9,8.6,1024.6
2022-06-11,36.0,28.8,70.5,6.4,,1026.9
2022-06-12,28.7,22.5,64.6,13.4,2.8,1027.8
2022-06-13,27.7,20.6,28.6,4.4,0.0,1021.5
2022-06-14,38.3,24.6,57.2,12.2,3.0,1036.1
2022-06-15,29.7,19.0,62.5,23.9,0.0,1036.3
2022-06-16,31.8,25.7,66.8,7.4,0.0,1020.1
2022-06-17,39.0,25.9,62.7,10.5,5.7,1024.0
2022-06-18,29.9,28.9,57.7,5.4,6.0,1029.6
2022-06-19,31.5,26.6,48.3,4.9,6.5,1029.6
2022-06-20,32.1,28.4,42.4,3.4,0.0,1034.1
2022-06-21,29.3,23.3,61.4,11.9,18.4,1017.7
2022-06-22,32.6,21.2,63.9,18.7,2.4,1028.1
2022-06-23,37.9,22.8,75.7,3.3,0.0,1028.5
2022-06-24,35.5,19.5,50.1,5.6,2.5,1031.8
2022-06-25,24.0,23.0,78.0,10.8,4.9,1017.0
2022-06-26,33.6,26.4,55.4,8.1,0.0,1037.8
2022-06-27,33.4,25.0,67.9,5.9,0.0,1021.6
2022-06-28,33.1,21.5,50.3,13.4,2.5,1039.2
2022-06-29,33.2,21.5,53.8,10.2,3.8,1038.8
2022-06-30,33.5,22.2,54.6,10.9,0.0,1030.5
2022-07-01,32.0,25.5,64.7,7.5,1.7,1037.0
2022-07-02,35.1,25.2,70.6,5.1,0.0,1035.0
2022-07-03,26.7,24.2,54.3,4.9,0.0,1037.5
2022-07-04,32.5,25.2,67.6,2.9,0.0,1027.4
2022-07-05,30.3,23.8,44.1,9.2,0.0,1023.3
2022-07-06,31.9,24.3,45.6,8.4,0.0,1035.6
2022-07-07,40.5,28.9,63.1,7.5,0.0,1018.1
2022-07-08,31.7,30.7,60.9,11.9,10.1,1037.5
2022-07-09,34.4,31.2,71.3,7.3,14.8,1027.5
2022-07-10,29.8,19.5,78.9,11.2,23.2,1027.3
2022-07-11,37.4,23.7,53.5,6.0,0.0,1035.5
2022-07-12,29.4,28.3,65.5,4.8,0.0,1026.6
2022-07-13,32.3,25.1,78.2,10.7,0.0,1035.3
2022-07-14,27.6,26.6,59.8,7.8,0.0,1026.9
2022-07-15,31.6,18.8,58.8,12.6,0.0,1043.1
2022-07-16,31.2,27.0,80.2,14.8,2.0,1014.1
2022-07-17,27.7,18.5,48.3,11.1,0.0,1040.3
2022-07-18,36.4,21.0,65.9,9.9,23.8,1037.3
2022-07-19,30.5,19.7,47.3,16.0,0.0,1040.2
2022-07-20,33.7,24.9,65.0,8.1,0.0,1041.0
2022-07-21,30.8,26.1,71.8,15.2,0.7,1034.2
2022-07-22,36.2,27.0,66.6,12.6,0.6,1030.6
2022-07-23,37.4,20.6,81.1,7.4,0.0,1031.3
2022-07-24,35.5,19.7,82.7,8.5,10.1,1021.5
2022-07-25,36.1,22.7,77.1,7.6,0.0,1023.7
2022-07-26,26.3,17.6,60.7,4.3,0.0,1046.3
2022-07-27,28.6,21.0,77.1,8.7,0.0,1038.6
2022-07-28,33.7,13.7,80.2,7.5,0.0,1034.5
2022-07-29,39.9,20.5,52.7,8.1,4.9,1045.7
2022-07-30,25.1,18.0,86.5,9.6,0.0,1028.7
2022-07-31,29.5,24.7,51.6,9.0,9.1,1041.9
2022-08-01,28.6,21.6,48.1,11.4,11.8,1025.1
2022-08-02,27.2,17.5,100.0,10.9,0.0,1028.8
2022-08-03,23.5,22.5,62.3,13.4,1.5,1041.4
2022-08-04,29.1,22.7,64.9,11.7,0.0,1041.3
2022-08-05,34.5,20.8,66.0,3.7,2.5,1035.0
2022-08-06,27.4,16.4,72.3,3.5,0.0,1037.1
2022-08-07,28.1,26.2,74.2,9.8,0.0,1040.3
2022-08-08,30.1,20.6,78.5,6.5,0.0,1035.6
2022-08-09,25.8,19.4,61.8,3.9,0.0,1020.4
2022-08-10,23.2,14.2,100.0,12.4,0.0,1040.3
2022-08-11,30.2,15.0,66.6,8.6,0.0,1029.9
2022-08-12,24.7,17.7,81.7,10.4,0.0,1018.2
2022-08-13,32.3,14.3,63.8,4.7,0.0,1025.5
2022-08-14,23.7,19.8,68.0,6.4,0.0,1034.6
2022-08-15,38.6,18.8,88.3,10.7,0.0,1031.3
2022-08-16,28.1,16.4,63.6,3.4,0.0,1044.4
2022-08-17,27.3,16.5,72.1,3.6,0.0,1032.5
2022-08-18,22.5,11.7,84.1,8.1,0.0,1023.7
2022-08-19,23.9,12.8,66.1,22.2,0.0,1029.3
2022-08-20,27.0,23.6,64.7,17.9,5.2,1027.6
2022-08-21,27.9,26.0,74.0,10.4,1.2,1035.9
2022-08-22,20.6,15.8,83.0,5.1,0.0,1033.0
2022-08-23,20.6,17.7,70.3,6.2,0.0,1033.9
2022-08-24,19.4,18.4,61.7,4.8,0.0,1026.9
2022-08-25,17.1,16.1,70.6,7.6,0.0,1027.7
2022-08-26,31.7,20.6,66.0,4.6,0.0,1036.5
2022-08-27,15.9,13.9,67.4,8.3,0.0,1024.0
2022-08-28,19.3,15.3,79.3,2.8,0.0,1038.0
2022-08-29,27.7,18.8,69.4,5.2,0.0,1031.1
2022-08-30,23.6,12.6,80.7,8.6,1.3,1038.9
2022-08-31,19.4,10.3,78.7,6.0,0.0,1034.8
2022-09-01,25.5,17.3,69.0,7.6,,1036.8
2022-09-02,22.2,1.5,75.2,6.9,5.8,1052.2
2022-09-03,18.3,13.5,78.1,7.4,0.0,1016.9
2022-09-04,26.9,15.2,67.1,7.9,0.0,1031.6
2022-09-05,20.4,16.1,79.0,7.9,0.0,1026.2
2022-09-06,24.4,10.5,74.4,4.5,0.2,1023.4
2022-09-07,18.8,6.4,89.7,7.7,0.0,1029.0
2022-09-08,15.3,14.3,44.4,5.7,0.0,1033.1
2022-09-09,17.1,16.1,66.2,6.8,0.0,1025.5
2022-09-10,22.2,10.0,93.7,5.1,4.7,1013.8
2022-09-11,23.9,12.9,69.6,24.6,0.0,1018.6
2022-09-12,23.2,4.7,66.2,6.9,0.0,1025.6
2022-09-13,11.9,9.2,91.0,5.3,0.0,1028.6
2022-09-14,23.8,6.2,85.6,7.6,0.0,1043.5
2022-09-15,18.8,6.4,60.0,4.1,0.0,1023.6
2022-09-16,18.1,9.1,67.0,8.1,0.0,1028.9
2022-09-17,20.0,7.1,70.6,5.8,0.4,1024.9
2022-09-18,16.2,10.4,74.1,5.0,0.0,1034.5
2022-09-19,20.6,9.7,82.6,8.3,1.9,1024.4
2022-09-20,12.3,6.2,73.6,3.8,0.0,1029.9
2022-09-21,23.1,12.6,76.4,6.6,,1019.5
2022-09-22,11.9,6.9,64.7,4.1,0.0,1034.7
2022-09-23,19.2,8.7,98.4,6.7,8.0,1024.5
2022-09-24,20.1,4.2,66.2,7.3,0.0,1036.1
2022-09-25,18.6,2.3,80.6,9.8,0.0,1017.0
2022-09-26,12.4,1.7,76.0,4.9,3.7,1008.3
2022-09-27,12.3,11.2,95.1,6.5,0.0,1013.4
2022-09-28,18.5,13.2,77.0,4.6,0.0,1027.2
2022-09-29,8.0,7.0,97.0,4.9,0.0,1023.3
2022-09-30,13.2,8.2,83.2,11.4,0.0,1030.7
2022-10-01,16.5,13.2,76.5,7.4,0.0,1034.0
2022-10-02,8.1,7.1,68.6,6.3,0.0,1021.0
2022-10-03,19.0,4.9,80.8,12.9,0.0,1044.3
2022-10-04,8.4,3.1,76.0,7.4,0.0,1019.1
2022-10-05,17.0,8.0,66.4,9.7,0.0,1028.0
2022-10-06,10.1,9.1,56.6,12.6,0.0,1007.0
2022-10-07,11.6,8.5,58.4,14.2,0.0,1013.9
2022-10-08,20.3,11.5,86.1,4.7,0.0,1041.0
2022-10-09,13.9,6.0,75.3,8.8,0.0,1023.3
2022-10-10,8.1,6.7,82.0,10.9,0.0,1026.0
2022-10-11,15.0,4.8,67.6,4.2,,1018.9
2022-10-12,14.1,1.0,54.7,5.7,0.0,1026.8
2022-10-13,8.4,6.9,69.3,11.3,0.0,1025.7
2022-10-14,10.3,2.2,82.3,12.5,0.0,1023.2
2022-10-15,15.2,14.1,72.0,7.1,0.0,1023.3
2022-10-16,13.3,5.9,59.9,3.9,0.0,1022.0
2022-10-17,12.4,2.2,85.3,8.8,0.0,1009.2
2022-10-18,10.1,0.5,84.7,10.4,0.0,1032.8
2022-10-19,11.5,5.5,85.3,8.5,0.0,1030.8
2022-10-20,8.4,0.3,79.2,5.3,0.0,1012.1
2022-10-21,12.5,5.5,72.1,11.3,0.0,1036.7
2022-10-22,14.6,6.8,59.5,9.1,0.0,1006.9
2022-10-23,7.1,5.0,72.2,27.2,0.0,1014.7
2022-10-24,4.7,3.7,89.7,9.5,0.0,1020.8
2022-10-25,6.7,2.8,69.7,2.5,0.0,1010.6
2022-10-26,19.0,6.2,67.0,4.6,0.0,1008.0
2022-10-27,11.5,-2.3,69.8,9.0,0.0,1026.9
2022-10-28,12.7,-4.7,66.7,9.0,0.0,999.6
2022-10-29,10.4,2.4,72.9,4.9,0.0,1027.0
2022-10-30,3.4,-0.5,67.8,11.8,0.0,1018.0
2022-10-31,12.7,3.3,67.4,8.0,0.0,1007.9
2022-11-01,10.8,2.3,58.5,4.2,0.0,1007.3
2022-11-02,8.7,-4.2,67.1,6.0,0.0,1002.3
2022-11-03,9.5,-5.9,58.9,10.9,0.0,1016.3
2022-11-04,17.4,-2.2,68.7,8.0,0.0,1007.1
2022-11-05,3.6,-3.9,78.9,5.6,0.0,1021.2
2022-11-06,-4.2,-5.2,65.7,7.2,0.0,1000.9
2022-11-07,1.4,-5.3,57.5,8.4,0.0,1006.2
2022-11-08,14.0,-2.5,76.2,4.7,0.0,995.0
2022-11-09,7.0,-1.9,71.5,3.3,0.0,1009.9
2022-11-10,9.2,2.8,51.2,5.5,0.0,1006.3
2022-11-11,1.1,0.1,71.8,7.6,0.0,1012.6
2022-11-12,5.8,-4.7,60.3,22.0,0.0,992.8
2022-11-13,8.3,-5.5,80.7,18.5,0.0,1024.8
2022-11-14,6.8,-6.9,63.4,9.7,0.0,1011.7
2022-11-15,-1.2,-2.2,51.0,6.6,0.0,1021.3
2022-11-16,2.4,-5.0,76.8,6.6,0.0,1022.6
2022-11-17,6.7,-0.4,53.3,5.7,0.0,1004.9
2022-11-18,9.5,-4.8,68.0,15.6,0.0,997.0
2022-11-19,5.3,-5.7,64.6,12.1,0.0,1006.2
2022-11-20,2.1,1.1,53.6,5.7,0.0,993.5
2022-11-21,2.7,-4.4,87.4,11.9,0.0,1002.3
2022-11-22,2.7,-0.4,68.0,4.9,0.0,998.9
2022-11-23,4.5,-0.5,79.7,8.6,0.0,994.9
2022-11-24,9.1,-5.1,59.6,9.7,0.0,1004.1
2022-11-25,-0.1,-7.1,73.5,9.0,0.0,1012.3
2022-11-26,-3.3,-4.3,71.9,4.0,0.0,1015.1
2022-11-27,-2.5,-4.9,65.7,5.0,0.0,997.9
2022-11-28,3.1,-3.7,59.2,4.2,0.0,1011.6
2022-11-29,-1.6,-10.5,72.2,8.4,,999.0
2022-11-30,8.2,-7.0,52.1,6.8,0.0,1006.0
2022-12-01,2.9,-0.3,81.0,10.2,0.0,1002.1
2022-12-02,1.6,0.2,69.7,7.5,0.0,1006.5
2022-12-03,2.3,-2.8,80.4,7.5,0.0,1005.6
2022-12-04,3.3,-3.7,57.8,10.0,0.0,1007.6
2022-12-05,6.0,-1.6,74.6,7.9,0.0,1005.7
2022-12-06,1.8,-5.0,63.3,9.5,0.0,997.9
2022-12-07,-0.3,-4.9,70.8,8.1,0.0,1022.5
2022-12-08,6.3,-2.8,63.2,6.2,0.0,1004.5
2022-12-09,8.1,-6.9,67.6,7.3,0.0,1014.8
2022-12-10,2.7,-2.7,75.3,8.6,0.0,991.2
2022-12-11,3.1,-0.6,73.3,5.9,0.0,1013.0
2022-12-12,5.6,-7.6,73.0,8.1,0.0,994.7
2022-12-13,4.1,0.9,67.5,13.6,0.0,995.7
2022-12-14,4.1,-4.0,54.0,14.8,0.0,1003.7
2022-12-15,7.7,-14.1,58.8,4.8,0.0,1001.7
2022-12-16,0.5,-9.0,56.7,10.2,0.0,995.3
2022-12-17,3.9,-6.8,58.4,6.5,0.0,989.8
2022-12-18,0.7,-2.2,45.7,9.8,0.0,996.7
2022-12-19,-1.3,-3.3,60.5,8.6,0.0,989.4
2022-12-20,11.1,0.3,59.3,8.1,0.0,998.7
2022-12-21,3.6,-3.8,53.0,6.9,0.0,1006.0
2022-12-22,9.0,-3.8,67.0,12.0,0.0,999.0
2022-12-23,6.0,-7.7,57.3,5.0,0.0,999.8
2022-12-24,11.5,-6.0,59.6,8.7,0.0,991.2
2022-12-25,5.5,-6.4,61.3,4.1,,986.8
2022-12-26,7.3,-12.2,65.6,7.9,0.0,1003.8
2022-12-27,1.7,0.7,70.3,6.3,0.0,995.6
2022-12-28,5.2,-3.6,30.8,10.2,0.0,1001.7
2022-12-29,-2.9,-6.7,64.7,8.7,0.0,995.9
2022-12-30,7.7,-3.5,56.4,5.6,0.0,995.3
2022-12-31,7.1,-4.1,68.9,7.4,0.0,999.8
2023-01-01,2.2,-12.4,58.2,9.5,0.0,994.7
2023-01-02,6.5,-1.7,57.0,5.7,0.0,994.6
2023-01-03,-1.8,-3.2,61.0,6.6,0.0,996.4
2023-01-04,5.9,-5.2,71.0,5.7,0.0,998.6
2023-01-05,6.2,-6.6,66.6,7.9,0.0,992.8
2023-01-06,11.2,-7.5,64.7,3.5,0.0,992.7
2023-01-07,2.0,-9.2,51.2,5.4,0.0,986.9
2023-01-08,6.4,-3.4,53.5,3.4,0.0,1005.8
2023-01-09,5.1,-4.0,55.5,2.7,0.0,988.9
2023-01-10,5.7,-3.2,62.6,4.5,0.0,1009.4
2023-01-11,-3.0,-6.6,43.3,8.8,0.0,993.4
2023-01-12,3.1,-6.2,44.9,13.0,0.0,973.9
2023-01-13,7.0,-8.8,73.6,9.5,0.0,977.2
2023-01-14,-1.2,-2.9,52.1,13.4,0.0,978.2
2023-01-15,6.7,-0.2,51.0,10.8,0.0,983.1
2023-01-16,0.9,-0.1,32.9,10.7,0.0,1000.4
2023-01-17,-0.4,-2.5,65.9,12.5,0.0,988.7
2023-01-18,6.9,-8.3,39.3,8.0,0.0,1004.3
2023-01-19,1.6,-1.3,60.4,16.9,0.0,978.6
2023-01-20,9.1,-7.1,72.4,11.1,0.0,985.8
2023-01-21,7.3,-7.3,59.4,11.2,0.0,1002.7
2023-01-22,2.0,-2.2,73.4,5.3,0.0,998.8
2023-01-23,11.8,-7.5,62.4,7.2,0.0,979.3
2023-01-24,-0.0,-4.5,44.0,8.8,0.0,988.5
2023-01-25,9.6,-4.4,42.3,2.9,0.0,1000.2
2023-01-26,8.9,-6.5,46.7,5.6,0.0,988.7
2023-01-27,2.6,-8.0,53.3,6.3,5.4,993.7
2023-01-28,0.5,-0.5,37.5,6.4,0.0,989.2
2023-01-29,8.5,0.0,46.0,10.3,0.0,988.4
2023-01-30,6.7,-2.7,79.1,10.2,0.0,983.4
2023-01-31,11.6,3.3,36.7,4.8,0.0,1000.9
2023-02-01,-1.8,-6.9,46.1,7.4,0.6,1010.8
2023-02-02,8.2,-3.2,70.8,12.3,0.0,994.4
2023-02-03,4.3,2.0,57.7,9.8,0.0,983.1
2023-02-04,6.4,-5.0,74.5,7.7,7.0,987.1
2023-02-05,11.7,6.6,39.7,7.9,0.0,1006.6
2023-02-06,7.1,3.5,68.5,7.1,0.0,996.5
2023-02-07,6.6,-5.0,41.7,14.5,0.0,995.0
2023-02-08,11.0,3.5,46.7,6.1,0.0,987.8
2023-02-09,4.4,3.4,64.7,6.5,0.0,995.6
2023-02-10,0.4,-0.6,72.9,6.7,0.0,991.2
2023-02-11,7.6,-1.4,58.2,6.2,0.0,991.7
2023-02-12,5.3,-6.0,33.5,10.9,0.0,996.5
2023-02-13,1.3,0.3,39.8,5.9,0.0,976.9
2023-02-14,7.7,2.0,55.9,10.6,0.0,984.5
2023-02-15,8.1,2.7,48.9,9.2,0.0,984.6
2023-02-16,5.6,2.8,52.6,7.1,0.0,1004.3
2023-02-17,9.9,1.1,49.6,8.5,0.0,1003.7
2023-02-18,4.2,3.2,56.1,4.6,0.0,987.5
2023-02-19,8.4,5.8,53.8,9.7,13.2,978.5
2023-02-20,9.4,5.9,60.7,24.5,0.0,997.3
2023-02-21,7.5,5.9,57.0,5.7,3.5,996.0
2023-02-22,12.2,8.4,46.5,11.8,0.0,991.7
2023-02-23,12.4,-0.6,36.2,8.1,0.0,991.3
2023-02-24,11.4,4.3,50.4,11.3,0.0,998.5
2023-02-25,5.7,4.7,57.5,8.9,0.0,1004.9
2023-02-26,11.6,1.7,41.7,9.1,0.0,1013.1
2023-02-27,3.8,2.8,65.3,7.2,11.4,986.8
2023-02-28,16.9,-1.4,48.7,11.8,0.0,995.2
2023-03-01,15.6,1.4,43.6,5.2,13.0,995.1
2023-03-02,10.0,-1.9,57.1,8.2,24.8,991.4
2023-03-03,15.3,10.0,46.3,4.8,0.0,1001.2
2023-03-04,8.1,7.1,26.4,5.2,,985.7
2023-03-05,13.0,-1.7,51.2,9.1,2.6,998.1
2023-03-06,9.4,8.4,32.9,8.4,14.1,1005.0
2023-03-07,9.6,6.0,58.8,17.7,0.0,997.8
2023-03-08,15.7,7.3,44.3,9.8,18.8,993.7
2023-03-09,13.5,10.6,52.8,5.0,0.0,1002.4
2023-03-10,21.1,1.3,37.5,18.1,0.0,995.8
2023-03-11,22.4,7.4,53.6,12.7,0.0,988.5
2023-03-12,16.7,4.2,40.0,7.9,0.0,1006.3
2023-03-13,15.3,9.0,47.3,9.5,0.0,991.7
2023-03-14,15.5,9.7,67.7,10.1,0.0,985.1
2023-03-15,14.0,13.0,41.1,7.8,0.0,1004.3
2023-03-16,20.4,4.2,45.8,4.5,0.0,993.6
2023-03-17,15.7,5.6,48.6,7.2,0.0,1003.1
2023-03-18,26.6,1.5,36.6,5.5,0.0,1004.7
2023-03-19,15.6,7.0,52.3,6.7,0.0,1001.5
2023-03-20,12.9,8.3,47.5,10.9,5.5,1008.8
2023-03-21,18.3,11.2,63.6,7.0,4.9,1007.2
2023-03-22,19.4,11.4,32.8,11.1,0.3,998.9
2023-03-23,20.3,19.3,37.1,12.5,0.0,998.0
2023-03-24,19.9,13.5,38.7,5.1,,991.2
2023-03-25,17.7,11.5,45.1,7.0,0.0,996.4
2023-03-26,19.5,3.0,42.5,12.6,4.2,1005.8
2023-03-27,13.6,12.6,39.6,12.3,0.0,1007.2
2023-03-28,20.0,14.6,28.0,7.0,1.4,999.7
2023-03-29,26.2,7.2,42.8,4.6,0.0,1008.0
2023-03-30,24.7,11.1,46.7,6.2,0.0,1010.3
2023-03-31,21.0,9.3,57.6,7.6,5.6,996.9
2023-04-01,24.3,15.7,30.4,9.4,0.0,998.6
2023-04-02,17.8,11.2,38.3,10.0,0.0,995.9
2023-04-03,17.2,15.6,72.6,8.8,0.0,1011.7
2023-04-04,16.8,14.2,42.8,8.0,0.0,1003.8
2023-04-05,16.3,13.9,41.7,4.8,0.0,1002.4
2023-04-06,20.9,9.9,55.3,10.8,0.0,1017.4
2023-04-07,22.7,10.5,29.9,8.3,1.4,1009.1
2023-04-08,17.8,15.7,30.8,4.5,0.0,1002.5
2023-04-09,18.9,15.0,43.0,8.6,0.0,1004.3
2023-04-10,23.2,19.8,48.3,11.5,0.0,995.4
2023-04-11,22.2,13.1,47.8,12.1,0.0,1014.9
2023-04-12,29.6,13.2,59.4,8.7,11.3,1003.1
2023-04-13,34.8,14.2,63.1,7.0,0.0,1012.6
2023-04-14,26.6,17.3,43.5,5.4,1.0,1008.1
2023-04-15,30.2,13.8,51.7,14.0,0.0,1013.9
2023-04-16,25.3,10.1,50.2,7.3,0.0,1009.6
2023-04-17,30.0,18.8,39.1,4.5,0.0,1004.8
2023-04-18,24.1,14.5,37.7,2.9,0.0,1007.9
2023-04-19,22.4,5.8,63.9,5.2,0.0,1005.6
2023-04-20,22.3,13.8,52.7,5.1,0.0,1019.8
2023-04-21,30.4,16.8,39.9,13.6,0.0,1006.3
2023-04-22,23.7,9.3,54.8,9.0,9.3,1011.9
2023-04-23,28.7,26.2,36.9,5.3,13.9,1006.6
2023-04-24,31.6,19.8,48.9,4.7,2.2,1005.0
2023-04-25,35.4,14.1,44.7,8.1,0.0,1005.2
2023-04-26,34.4,17.9,52.5,8.9,0.0,1007.0
2023-04-27,28.7,21.3,32.2,7.3,0.0,1008.3
2023-04-28,25.1,22.0,50.6,10.1,0.0,1022.5
2023-04-29,38.6,24.6,51.1,9.9,0.0,1013.5
2023-04-30,21.8,20.3,43.8,4.0,28.2,1030.6
2023-05-01,26.4,17.5,26.5,6.8,0.0,1017.3
2023-05-02,33.5,13.0,36.1,4.3,0.0,1018.7
2023-05-03,26.0,22.4,44.1,5.5,0.0,1026.0
2023-05-04,22.8,20.4,58.6,6.0,0.0,997.4
2023-05-05,23.1,22.1,68.4,5.1,0.0,1015.5
2023-05-06,28.7,17.0,52.0,7.4,0.3,1014.0
2023-05-07,32.5,18.9,59.3,6.6,0.0,1009.0
2023-05-08,22.7,17.1,43.6,6.0,0.2,1018.7
2023-05-09,28.3,24.1,64.6,6.8,0.0,1026.3
2023-05-10,22.7,19.9,51.0,12.6,0.0,1015.0
2023-05-11,32.0,21.4,43.8,6.6,0.0,1004.0
2023-05-12,33.1,20.9,54.9,5.8,0.0,1021.8
2023-05-13,35.4,17.9,49.7,6.0,0.0,1015.9
2023-05-14,36.0,23.1,48.4,4.9,0.0,1014.2
2023-05-15,27.8,21.6,51.8,14.1,3.0,1012.1
2023-05-16,30.0,19.4,40.4,6.0,0.0,1019.4
2023-05-17,37.8,27.8,51.9,10.0,0.0,1029.1
2023-05-18,34.1,25.0,43.2,12.4,,1019.1
2023-05-19,36.3,21.6,54.7,6.6,0.0,1023.7
2023-05-20,27.9,19.0,60.1,5.6,0.0,1017.4
2023-05-21,30.1,15.6,46.1,6.1,0.5,1016.7
2023-05-22,32.8,26.4,48.3,10.8,0.0,1013.7
2023-05-23,30.9,29.9,45.5,3.7,0.0,1024.6
2023-05-24,30.3,26.4,59.1,5.0,0.0,1010.1
2023-05-25,31.6,28.7,42.2,8.0,5.3,1021.5
2023-05-26,24.6,23.6,49.5,28.6,0.0,1027.2
2023-05-27,27.7,26.7,48.2,3.8,0.0,1021.0
2023-05-28,33.6,26.0,58.6,3.2,0.4,1016.3
2023-05-29,27.7,20.8,32.7,8.0,0.0,1018.2
2023-05-30,30.9,24.9,55.1,6.6,0.7,1025.2
2023-05-31,27.2,23.9,62.6,3.8,0.0,1016.4
2023-06-01,29.6,28.6,44.9,5.5,0.0,1029.9
2023-06-02,33.8,27.0,36.2,8.1,0.0,1030.3
2023-06-03,40.2,26.4,45.4,6.9,3.6,1027.9
2023-06-04,31.9,19.9,51.1,3.6,0.0,1020.0
2023-06-05,32.6,25.9,53.6,4.3,12.3,1029.3
2023-06-06,34.7,25.4,58.8,9.3,0.0,1016.5
2023-06-07,25.7,24.6,56.1,4.6,0.0,1034.5
2023-06-08,35.2,28.8,57.7,3.8,2.6,1034.8
2023-06-09,39.2,19.5,48.4,8.3,0.0,1038.2
2023-06-10,32.9,19.7,62.6,7.3,0.0,1040.6
2023-06-11,29.8,17.8,66.9,8.4,0.0,1027.5
2023-06-12,34.9,29.0,46.9,3.8,4.7,1025.2
2023-06-13,32.6,31.6,54.3,8.7,0.0,1015.4
2023-06-14,36.6,24.1,38.4,12.4,5.8,1021.9
2023-06-15,29.3,28.3,55.0,4.9,0.0,1025.0
2023-06-16,32.1,22.9,54.1,11.1,31.6,1025.7
2023-06-17,41.5,25.6,64.2,6.0,8.1,1006.8
2023-06-18,35.5,17.1,57.0,7.0,0.0,1018.7
2023-06-19,35.4,26.4,51.9,6.1,0.0,1030.5
2023-06-20,33.2,23.8,68.7,7.9,0.0,1042.0
2023-06-21,37.2,31.3,60.7,7.9,0.0,1029.2
2023-06-22,35.7,20.4,45.2,5.2,0.0,1047.5
2023-06-23,33.5,29.7,50.5,13.5,0.0,1018.1
2023-06-24,39.6,24.2,47.8,4.5,0.0,1019.0
2023-06-25,36.3,23.2,42.4,7.5,0.0,1020.6
2023-06-26,30.7,26.6,58.1,10.0,12.0,1041.3
2023-06-27,31.4,28.6,52.1,5.4,10.9,1024.7
2023-06-28,35.3,24.7,66.1,4.8,0.0,1049.9
2023-06-29,32.5,20.9,41.8,6.0,0.0,1031.3
2023-06-30,31.9,26.0,68.0,7.6,0.0,1045.1
2023-07-01,34.9,15.6,64.1,7.4,0.0,1030.7
2023-07-02,33.2,19.6,64.2,4.2,0.4,1025.2
2023-07-03,31.3,22.9,76.8,17.8,,1025.1
2023-07-04,30.4,20.3,71.0,4.9,0.0,1011.8
2023-07-05,27.6,25.2,65.2,5.4,0.0,1023.3
2023-07-06,33.7,32.7,59.7,7.0,0.1,1033.1
2023-07-07,35.4,25.4,53.2,14.8,8.0,1025.1
2023-07-08,31.1,21.2,37.2,4.7,0.0,1038.7
2023-07-09,36.0,23.7,71.9,5.0,0.0,1025.5
2023-07-10,31.2,24.5,88.0,4.6,8.2,1024.4
2023-07-11,30.1,25.0,61.1,7.9,0.0,1028.3
2023-07-12,27.3,16.5,69.0,17.1,0.0,1042.8
2023-07-13,30.4,18.7,61.9,7.8,0.0,1040.3
2023-07-14,29.9,22.5,77.7,4.7,1.8,1018.9
2023-07-15,35.2,23.9,38.4,17.4,0.0,1032.8
2023-07-16,29.6,23.3,69.7,11.3,2.9,1043.0
2023-07-17,36.0,23.2,50.1,10.8,0.0,1032.1
2023-07-18,35.7,31.6,49.6,5.9,0.0,1039.7
2023-07-19,36.5,19.9,74.8,6.5,6.6,1031.7
2023-07-20,28.1,24.8,51.2,9.3,13.1,1042.4
2023-07-21,37.6,12.0,63.9,8.1,0.0,1032.4
2023-07-22,30.4,17.5,64.0,8.4,13.4,1037.5
2023-07-23,34.7,22.4,62.1,7.4,0.0,1022.6
2023-07-24,34.5,21.5,68.2,12.0,0.0,1029.8
2023-07-25,37.1,17.6,67.9,12.5,0.4,1027.6
2023-07-26,26.7,17.6,64.4,11.9,2.9,1025.6
2023-07-27,33.0,26.4,78.1,5.1,0.0,1020.2
2023-07-28,33.1,22.8,75.9,6.8,0.0,1030.3
2023-07-29,23.1,22.1,56.5,4.3,7.3,1032.3
2023-07-30,32.9,19.2,72.1,6.6,0.0,1041.0
2023-07-31,28.6,19.9,41.7,6.4,0.0,1036.4
2023-08-01,26.7,19.7,76.2,6.2,0.0,1029.4
2023-08-02,33.8,22.0,69.5,11.0,0.0,1034.4
2023-08-03,32.4,14.9,81.7,13.6,0.0,1036.1
2023-08-04,27.4,22.3,81.6,8.3,0.0,1027.4
2023-08-05,23.4,22.4,56.8,5.5,1.5,1023.0
2023-08-06,24.1,23.1,67.4,8.5,0.0,1033.3
2023-08-07,20.9,19.0,73.3,6.1,0.0,1032.0
2023-08-08,29.8,14.9,65.5,3.0,0.0,1017.1
2023-08-09,28.8,25.7,72.1,8.7,2.2,1039.4
2023-08-10,23.1,22.1,57.2,4.3,0.0,1042.3
2023-08-11,28.4,18.6,59.2,4.9,0.0,1033.6
2023-08-12,28.6,27.6,68.9,9.1,14.7,1041.4
2023-08-13,32.6,19.4,78.9,6.3,0.0,1041.5
2023-08-14,28.2,18.7,76.9,5.1,,1025.2
2023-08-15,23.9,12.2,89.1,8.1,0.0,1035.5
2023-08-16,24.4,15.5,64.7,7.0,0.0,1034.6
2023-08-17,26.9,20.6,80.4,10.5,0.0,1025.0
2023-08-18,19.0,18.0,74.0,7.4,10.6,1028.5
2023-08-19,23.4,17.6,84.6,9.1,8.9,1007.2
2023-08-20,23.2,16.5,71.8,6.8,4.3,1025.2
2023-08-21,30.0,11.2,68.7,6.5,2.0,1040.1
2023-08-22,19.1,18.1,63.3,3.1,3.6,1034.3
2023-08-23,30.2,17.0,58.7,5.1,9.3,1039.0
2023-08-24,27.7,14.6,61.5,16.4,0.0,1026.3
2023-08-25,20.2,13.9,78.8,6.9,0.0,1032.6
2023-08-26,25.0,14.2,84.9,6.1,0.0,1025.2
2023-08-27,21.9,19.5,79.3,12.7,0.0,1023.7
2023-08-28,21.2,20.1,78.3,12.3,0.0,1037.0
2023-08-29,27.1,19.2,76.9,21.9,0.0,1025.0
2023-08-30,24.3,21.2,82.5,4.9,0.0,1038.7
2023-08-31,26.5,17.6,71.3,5.1,0.3,1030.2
2023-09-01,23.9,13.0,69.2,8.4,0.0,1023.2
2023-09-02,18.1,3.7,83.2,7.2,27.0,1038.1
2023-09-03,27.6,15.6,79.8,3.7,0.0,1011.6
2023-09-04,17.8,13.3,64.1,3.0,0.0,1033.0
2023-09-05,17.8,14.1,80.0,5.2,0.0,1020.2
2023-09-06,23.9,13.9,80.7,6.0,0.0,1025.2
2023-09-07,18.3,13.3,92.8,5.1,0.0,1030.1
2023-09-08,21.6,18.7,59.3,10.7,,1027.4
2023-09-09,22.6,14.5,46.3,8.4,0.0,1051.0
2023-09-10,12.2,11.2,80.0,6.0,0.0,1024.7
2023-09-11,18.5,12.2,86.4,4.4,0.0,1019.8
2023-09-12,25.4,15.8,63.7,6.7,0.0,1018.6
2023-09-13,22.6,8.7,77.9,5.7,5.5,1033.0
2023-09-14,25.6,11.2,94.3,7.1,0.0,1034.0
2023-09-15,22.5,7.5,84.7,6.9,0.0,1033.0
2023-09-16,21.4,1.6,65.6,9.0,0.0,1014.3
2023-09-17,21.7,15.4,81.6,4.6,0.0,1021.8
2023-09-18,22.7,17.8,51.9,9.8,0.0,1035.3
2023-09-19,16.6,3.3,86.7,3.9,0.0,1035.4
2023-09-20,24.1,10.5,67.4,9.0,0.0,1036.9
2023-09-21,11.1,7.3,82.9,16.6,0.0,1028.3
2023-09-22,16.5,13.3,51.6,4.8,0.0,1009.6
2023-09-23,14.8,7.4,81.4,5.7,0.0,1028.3
2023-09-24,9.6,6.2,78.5,9.1,0.0,1019.1
2023-09-25,19.1,11.0,82.7,6.0,0.0,1023.0
2023-09-26,20.2,7.3,67.1,4.1,0.0,1031.0
2023-09-27,18.5,4.5,80.7,9.4,0.0,1021.8
2023-09-28,14.5,8.5,78.3,5.9,0.0,1025.5
2023-09-29,14.2,8.9,77.3,9.3,0.0,1027.1
2023-09-30,10.0,9.0,72.5,7.5,0.0,1018.0
2023-10-01,19.5,12.4,92.9,8.9,0.0,1031.1
2023-10-02,18.6,7.5,67.0,3.7,0.0,1012.8
2023-10-03,11.6,8.3,69.8,6.6,0.0,1020.2
2023-10-04,10.9,9.9,75.6,4.3,0.0,1019.4
2023-10-05,10.8,9.8,57.7,11.1,0.0,1022.3
2023-10-06,12.9,8.3,84.9,4.2,,1021.3
2023-10-07,5.1,4.1,61.1,3.9,0.0,1025.5
2023-10-08,10.8,3.0,75.0,3.1,0.0,1024.6
2023-10-09,14.0,6.0,69.2,7.9,0.0,1024.1
2023-10-10,15.7,1.1,81.3,6.7,0.0,1013.8
2023-10-11,15.1,3.1,69.7,4.8,0.0,1017.6
2023-10-12,8.3,1.4,73.5,15.6,0.0,1016.8
2023-10-13,14.3,1.2,62.8,5.5,0.0,1035.5
2023-10-14,9.5,0.3,75.1,4.2,0.0,1024.7
2023-10-15,9.8,1.1,71.5,10.9,0.0,1035.3
2023-10-16,10.7,1.6,86.1,7.1,,1027.1
2023-10-17,9.8,0.8,80.0,9.3,0.0,1017.7
2023-10-18,8.6,6.6,83.1,11.3,0.0,1016.6
2023-10-19,16.3,5.3,68.5,13.2,0.0,1006.0
2023-10-20,10.8,9.7,78.7,5.0,0.0,1017.3
2023-10-21,11.2,0.3,88.2,9.6,0.0,1025.5
2023-10-22,15.2,3.7,70.9,6.8,0.0,1018.7
2023-10-23,2.0,1.0,66.7,6.6,0.0,1017.9
2023-10-24,16.7,2.5,84.0,4.0,0.0,1029.2
2023-10-25,3.2,2.1,68.1,8.4,0.0,1013.4
2023-10-26,11.2,-1.7,92.0,5.7,0.0,1014.4
2023-10-27,9.3,1.3,81.4,6.0,0.0,1013.4
2023-10-28,11.6,6.7,76.1,8.3,0.0,1003.9
2023-10-29,7.9,1.9,68.8,7.2,0.0,1005.0
2023-10-30,2.1,-4.0,81.5,9.5,0.0,1015.4
2023-10-31,12.1,-2.1,92.5,12.1,0.0,1004.6
2023-11-01,7.9,1.5,77.7,9.0,0.0,1005.1
2023-11-02,7.3,-5.1,77.8,6.5,0.0,1006.8
2023-11-03,5.5,-5.3,63.8,15.2,0.0,1000.5
2023-11-04,1.4,0.4,61.9,7.4,0.0,1004.0
2023-11-05,15.6,-0.7,68.7,8.9,0.0,1006.7
2023-11-06,7.4,2.5,66.1,5.0,0.0,1015.3
2023-11-07,10.2,0.7,77.1,8.6,0.0,1005.7
2023-11-08,5.7,-4.0,67.1,12.2,0.0,1008.5
2023-11-09,2.7,0.9,76.7,5.4,0.0,1001.4
2023-11-10,11.9,-1.0,83.0,10.3,0.0,1015.2
2023-11-11,10.8,4.4,76.1,9.2,0.0,1027.9
2023-11-12,11.4,0.4,73.9,12.1,0.0,998.8
2023-11-13,7.3,-8.3,70.7,10.0,0.0,1017.2
2023-11-14,15.0,0.8,68.7,6.0,0.0,1014.9
2023-11-15,-0.5,-5.8,71.0,8.9,0.0,993.9
2023-11-16,9.4,-1.4,70.6,6.0,0.0,1001.7
2023-11-17,8.9,-5.0,64.9,6.2,0.0,1003.6
2023-11-18,2.7,0.5,60.2,10.9,0.0,1004.7
2023-11-19,8.0,-1.0,84.8,8.7,0.0,995.9
2023-11-20,1.0,-0.0,71.2,4.9,0.0,1011.8
2023-11-21,2.1,1.1,56.0,6.9,0.0,1005.5
2023-11-22,0.3,-0.7,71.4,10.2,0.0,996.5
2023-11-23,2.8,-0.7,60.8,5.1,0.0,996.5
2023-11-24,7.0,-1.2,63.3,7.2,0.0,1007.7
2023-11-25,3.4,-6.2,72.4,8.4,0.0,999.3
2023-11-26,2.7,1.7,82.3,6.4,0.0,1002.0
2023-11-27,3.7,-1.2,73.1,3.8,0.0,1007.6
2023-11-28,-4.0,-5.0,83.2,19.4,,1001.9
2023-11-29,1.0,-5.9,61.3,6.2,0.0,1008.0
2023-11-30,0.2,-8.4,78.3,5.2,0.0,1008.2
2023-12-01,4.6,-2.7,53.3,8.2,0.0,977.0
2023-12-02,3.3,-3.1,69.0,5.4,0.0,988.7
2023-12-03,2.8,-1.2,68.1,12.9,0.0,997.7
2023-12-04,-12.3,-13.3,62.4,5.9,0.0,1006.8
2023-12-05,8.8,-4.2,77.2,9.2,0.0,987.4
2023-12-06,5.1,-3.5,62.6,5.6,0.0,1009.1
2023-12-07,2.8,-4.3,65.1,8.8,0.0,999.6
2023-12-08,6.5,-8.3,61.5,10.2,0.0,1004.6
2023-12-09,6.1,-4.1,57.2,9.9,0.0,1010.2
2023-12-10,5.0,-3.4,66.6,10.9,0.0,1014.9
2023-12-11,0.5,-0.5,70.5,9.0,0.0,996.3
2023-12-12,1.3,-9.2,67.2,5.3,0.0,1010.4
2023-12-13,-0.5,-6.9,75.0,7.1,0.0,1007.4
2023-12-14,-6.1,-7.1,70.4,3.3,0.0,994.6
2023-12-15,5.1,-4.0,50.4,4.9,0.0,992.9
2023-12-16,4.1,-3.9,60.4,3.4,0.0,995.6
2023-12-17,11.1,-7.5,65.8,11.8,0.0,998.3
2023-12-18,2.9,-3.0,63.5,8.3,0.0,1007.0
2023-12-19,1.4,-11.7,71.3,6.0,0.0,1008.7
2023-12-20,-0.1,-3.8,66.9,9.6,0.0,984.1
2023-12-21,1.9,-7.7,81.2,5.9,0.0,992.8
2023-12-22,4.6,-5.3,64.7,9.5,0.0,995.8
2023-12-23,-3.4,-7.1,59.6,5.6,0.0,1010.8
2023-12-24,3.3,-5.9,74.7,6.8,0.0,992.0
2023-12-25,1.5,-4.2,75.3,12.8,0.0,989.2
2023-12-26,11.0,-9.2,66.4,9.3,0.0,990.1
2023-12-27,6.8,-2.6,61.9,16.7,0.0,1001.9
2023-12-28,1.5,-6.6,57.6,6.8,0.0,990.3
2023-12-29,0.1,-3.8,59.1,11.9,0.0,1007.2
2023-12-30,8.4,-4.2,57.0,7.6,0.0,990.9
2023-12-31,3.5,-7.5,65.2,8.9,0.0,994.2
